file,original_name,best_match,confidence,status,reason,method,top_sim,margin,top_candidates
abb_gen.ttl,Motor_type,,0.0,SKIPPED_NOT_IN_STANDARD,Skipped (Not found in standard / not defined in ontology),SKIP_LIST,0.0,0.0,[]
abb_gen.ttl,Output_kW,rated_output_power,0.55,ACCEPT,"The OEM variable 'Output_kW' most closely matches the ontology candidate 'rated_output_power' based on the highest similarity score (0.552). Both refer to output power in kilowatts (kW), and the ontology property explicitly uses kW as the unit symbol, aligning with the OEM variable's naming and expected unit.",LLM,0.5524781346321106,0.038175761699676514,"[{""id"": ""rated_output_power"", ""sim"": 0.5525}, {""id"": ""output_power"", ""sim"": 0.5143}, {""id"": ""input_power"", ""sim"": 0.4642}, {""id"": ""mcrPower_kW"", ""sim"": 0.4642}, {""id"": ""copper_losses"", ""sim"": 0.4412}]"
abb_gen.ttl,Speed_r_min,minimum_air_speed,0.51,ACCEPT,"The OEM variable 'Speed_r_min' likely refers to a minimum speed value, and among the candidates, 'minimum_air_speed' has the highest similarity score (0.51). Although the unit is 'm_per_s' and the domain is ElectricMotor, which may not perfectly match the OEM context, it is the closest semantic and lexical match available. Other candidates refer to rotational speed (rpm or rev/s) or rudder speed minima, which are less directly related to the variable name and intent.",LLM,0.5065497159957886,0.04091024398803711,"[{""id"": ""minimum_air_speed"", ""sim"": 0.5065}, {""id"": ""mcrRpm_revPerSec"", ""sim"": 0.4656}, {""id"": ""reg:CI_RudderSpeedMinima"", ""sim"": 0.4628}, {""id"": ""shape:rudderSpeedMinima"", ""sim"": 0.4569}, {""id"": ""nn_rpm"", ""sim"": 0.4371}]"
abb_gen.ttl,Efficiency_full_load,efficiency_class_ie,0.46,HUMAN_REVIEW,"The OEM variable 'Efficiency_full_load' refers to the efficiency of a device (likely a motor) at full load. Among the candidates, 'efficiency_class_ie' is most closely related, as it represents an efficiency property within the motor domain and references IEC standards for efficiency classification. Although the similarity score is moderate, it is the highest among the candidates and aligns with the context of efficiency at a specific operating point.",LLM,0.4563223421573639,0.00024962425231933594,"[{""id"": ""efficiency_class_ie"", ""sim"": 0.4563}, {""id"": ""efficiency"", ""sim"": 0.4561}, {""id"": ""power_factor"", ""sim"": 0.4248}, {""id"": ""copper_losses"", ""sim"": 0.4118}, {""id"": ""rated_output_power"", ""sim"": 0.4075}]"
abb_gen.ttl,cos_phi,,0.3043374717235565,NO_MATCH,Low similarity (top_sim=0.304 < MIN_SIM=0.45),LOW_SIM,0.3043374717235565,0.0030597150325775146,"[{""id"": ""power_factor"", ""sim"": 0.3043}, {""id"": ""angular_frequency"", ""sim"": 0.3013}, {""id"": ""slip_ratio"", ""sim"": 0.3009}, {""id"": ""copper_losses"", ""sim"": 0.2859}, {""id"": ""hull:HullParams1"", ""sim"": 0.2849}]"
abb_gen.ttl,current_I_N_A,,0.33075156807899475,NO_MATCH,Low similarity (top_sim=0.331 < MIN_SIM=0.45),LOW_SIM,0.33075156807899475,0.0005379617214202881,"[{""id"": ""locked_rotor_current"", ""sim"": 0.3308}, {""id"": ""rated_current"", ""sim"": 0.3302}, {""id"": ""inertiaRatio_Ie_It"", ""sim"": 0.3019}, {""id"": ""resistance"", ""sim"": 0.3007}, {""id"": ""input_power"", ""sim"": 0.2872}]"
abb_gen.ttl,rated_torque_Nm,ratedTorque_kNm,0.56,ACCEPT,"The OEM variable 'rated_torque_Nm' refers to the rated torque, and among the candidates, 'ratedTorque_kNm' is the closest semantic match, representing rated torque as a property. Although the unit in the ontology is kNm and the OEM variable is in Nm, this is a convertible difference. The other candidates either refer to general torque, breakdown torque, or maximum torque, which do not specifically denote 'rated' torque. Therefore, 'ratedTorque_kNm' is the best match.",LLM,0.5560941100120544,0.019100666046142578,"[{""id"": ""ratedTorque_kNm"", ""sim"": 0.5561}, {""id"": ""ratedTorque_kNm"", ""sim"": 0.537}, {""id"": ""torque"", ""sim"": 0.5247}, {""id"": ""breakdown_torque"", ""sim"": 0.4999}, {""id"": ""qEmax_kNm"", ""sim"": 0.4943}]"
abb_gen.ttl,J_kgm2,,0.42389658093452454,HUMAN_REVIEW,Low similarity (top_sim=0.424 < MIN_SIM=0.45),LOW_SIM,0.42389658093452454,0.02125033736228943,"[{""id"": ""mass"", ""sim"": 0.4239}, {""id"": ""charpyV_J"", ""sim"": 0.4026}, {""id"": ""locked_rotor_torque"", ""sim"": 0.3949}, {""id"": ""addedMass_kg"", ""sim"": 0.3922}, {""id"": ""Qr_kNm"", ""sim"": 0.3915}]"
abb_gen.ttl,Weight_kg,,0.421511173248291,HUMAN_REVIEW,Low similarity (top_sim=0.422 < MIN_SIM=0.45),LOW_SIM,0.421511173248291,0.027941524982452393,"[{""id"": ""mass"", ""sim"": 0.4215}, {""id"": ""addedMass_kg"", ""sim"": 0.3936}, {""id"": ""rated_output_power"", ""sim"": 0.3448}, {""id"": ""Qr_kNm"", ""sim"": 0.3442}, {""id"": ""Tr_kN"", ""sim"": 0.3389}]"
bmd_series.ttl,stall_rms_current_I0,,0.0,SKIPPED_NOT_IN_STANDARD,Skipped (Not found in standard / not defined in ontology),SKIP_LIST,0.0,0.0,[]
bmd_series.ttl,brake_dc_current_Ib,,0.0,SKIPPED_NOT_IN_STANDARD,Skipped (Not found in standard / not defined in ontology),SKIP_LIST,0.0,0.0,[]
bmd_series.ttl,max_rms_current_Imax,,0.0,SKIPPED_NOT_IN_STANDARD,Skipped (Not found in standard / not defined in ontology),SKIP_LIST,0.0,0.0,[]
bmd_series.ttl,brake_moment_of_inertia_Jb,,0.0,SKIPPED_NOT_IN_STANDARD,Skipped (Not found in standard / not defined in ontology),SKIP_LIST,0.0,0.0,[]
bmd_series.ttl,back_emf_constant_Ke,,0.0,SKIPPED_NOT_IN_STANDARD,Skipped (Not found in standard / not defined in ontology),SKIP_LIST,0.0,0.0,[]
bmd_series.ttl,stall_torque_M0,,0.0,SKIPPED_NOT_IN_STANDARD,Skipped (Not found in standard / not defined in ontology),SKIP_LIST,0.0,0.0,[]
bmd_series.ttl,brake_torque_Mb,,0.0,SKIPPED_NOT_IN_STANDARD,Skipped (Not found in standard / not defined in ontology),SKIP_LIST,0.0,0.0,[]
bmd_series.ttl,brake_mass_mb,,0.0,SKIPPED_NOT_IN_STANDARD,Skipped (Not found in standard / not defined in ontology),SKIP_LIST,0.0,0.0,[]
bmd_series.ttl,equivalent_torque_MEQU,,0.0,SKIPPED_NOT_IN_STANDARD,Skipped (Not found in standard / not defined in ontology),SKIP_LIST,0.0,0.0,[]
bmd_series.ttl,motor_mass_without_brake_flywheel_mM,,0.0,SKIPPED_NOT_IN_STANDARD,Skipped (Not found in standard / not defined in ontology),SKIP_LIST,0.0,0.0,[]
bmd_series.ttl,brake_electrical_power_Pb,,0.0,SKIPPED_NOT_IN_STANDARD,Skipped (Not found in standard / not defined in ontology),SKIP_LIST,0.0,0.0,[]
bmd_series.ttl,brake_engaging_time_t1,,0.0,SKIPPED_NOT_IN_STANDARD,Skipped (Not found in standard / not defined in ontology),SKIP_LIST,0.0,0.0,[]
bmd_series.ttl,brake_release_time_t2,,0.0,SKIPPED_NOT_IN_STANDARD,Skipped (Not found in standard / not defined in ontology),SKIP_LIST,0.0,0.0,[]
bmd_series.ttl,brake_dc_voltage_Vb,,0.0,SKIPPED_NOT_IN_STANDARD,Skipped (Not found in standard / not defined in ontology),SKIP_LIST,0.0,0.0,[]
bmd_series.ttl,DeltaJ,,0.0,SKIPPED_NOT_IN_STANDARD,Skipped (Not found in standard / not defined in ontology),SKIP_LIST,0.0,0.0,[]
bmd_series.ttl,Delta_mM,,0.0,SKIPPED_NOT_IN_STANDARD,Skipped (Not found in standard / not defined in ontology),SKIP_LIST,0.0,0.0,[]
bmd_series.ttl,poles_2p,number_of_poles,0.49287769198417664,HUMAN_REVIEW,"Auto by margin (top_sim=0.493, margin=0.161)",AUTO_MARGIN,0.49287769198417664,0.16098928451538086,"[{""id"": ""number_of_poles"", ""sim"": 0.4929}, {""id"": ""power_factor"", ""sim"": 0.3319}, {""id"": ""power"", ""sim"": 0.3142}, {""id"": ""locked_rotor_torque"", ""sim"": 0.31}, {""id"": ""P0_7_m"", ""sim"": 0.3069}]"
bmd_series.ttl,winding_temperature_rise_dT,winding_temperature_rise_K,0.5766267776489258,ACCEPT,"Auto by margin (top_sim=0.577, margin=0.163)",AUTO_MARGIN,0.5766267776489258,0.16331607103347778,"[{""id"": ""winding_temperature_rise_K"", ""sim"": 0.5766}, {""id"": ""insulation_thermal_class"", ""sim"": 0.4133}, {""id"": ""locked_rotor_torque"", ""sim"": 0.4017}, {""id"": ""copper_losses"", ""sim"": 0.4006}, {""id"": ""locked_rotor_current"", ""sim"": 0.3981}]"
bmd_series.ttl,rated_frequency_fn,,0.4421350955963135,HUMAN_REVIEW,Low similarity (top_sim=0.442 < MIN_SIM=0.45),LOW_SIM,0.4421350955963135,0.008895337581634521,"[{""id"": ""angular_frequency"", ""sim"": 0.4421}, {""id"": ""frequency"", ""sim"": 0.4332}, {""id"": ""rotational_frequency"", ""sim"": 0.408}, {""id"": ""rated_voltage"", ""sim"": 0.3853}, {""id"": ""naturalFrequency_Hz"", ""sim"": 0.3755}]"
bmd_series.ttl,temperature_adjustment_factor_fT,,0.38636788725852966,NO_MATCH,Low similarity (top_sim=0.386 < MIN_SIM=0.45),LOW_SIM,0.38636788725852966,0.029002994298934937,"[{""id"": ""winding_temperature_rise_K"", ""sim"": 0.3864}, {""id"": ""testTemperature_degC"", ""sim"": 0.3574}, {""id"": ""power_factor"", ""sim"": 0.352}, {""id"": ""safetyFactorFatigue"", ""sim"": 0.3254}, {""id"": ""safetyFactorExtremeYield"", ""sim"": 0.3241}]"
bmd_series.ttl,rated_rms_current_In,rated_current,0.55,ACCEPT,"The OEM variable 'rated_rms_current_In' refers to the rated RMS current of a motor, which aligns with the ontology property 'rated_current'. Both refer to the nominal or rated current value, and the unit (A) matches. The similarity score is the highest among the candidates, supporting this mapping.",LLM,0.5509986877441406,0.04455447196960449,"[{""id"": ""rated_current"", ""sim"": 0.551}, {""id"": ""rated_voltage"", ""sim"": 0.5064}, {""id"": ""rated_output_power"", ""sim"": 0.5049}, {""id"": ""locked_rotor_current"", ""sim"": 0.4819}, {""id"": ""input_power"", ""sim"": 0.4606}]"
bmd_series.ttl,motor_moment_of_inertia_JM,moment_of_inertia,0.5221507549285889,ACCEPT,"Auto by margin (top_sim=0.522, margin=0.075)",AUTO_MARGIN,0.5221507549285889,0.07493516802787781,"[{""id"": ""moment_of_inertia"", ""sim"": 0.5222}, {""id"": ""mass"", ""sim"": 0.4472}, {""id"": ""locked_rotor_torque"", ""sim"": 0.4348}, {""id"": ""torque"", ""sim"": 0.4258}, {""id"": ""locked_rotor_current"", ""sim"": 0.4205}]"
bmd_series.ttl,torque_constant_KT,locked_rotor_torque,0.45,HUMAN_REVIEW,"The variable 'torque_constant_KT' refers to a torque-related parameter, and among the candidates, 'locked_rotor_torque' has the highest similarity score (0.45). While 'torque_constant_KT' typically represents the proportionality constant between current and torque in motors, none of the candidates directly represent a torque constant. 'locked_rotor_torque' is the closest match as it is a specific torque property related to motor operation, but the match is not exact. The confidence is moderate due to the lack of a direct ontology property for torque constant.",LLM,0.4525836706161499,0.0013836324214935303,"[{""id"": ""locked_rotor_torque"", ""sim"": 0.4526}, {""id"": ""breakdown_torque"", ""sim"": 0.4512}, {""id"": ""qEmax_kNm"", ""sim"": 0.4413}, {""id"": ""Qsmax_kNm"", ""sim"": 0.4308}, {""id"": ""torque"", ""sim"": 0.4295}]"
bmd_series.ttl,stator_phase_phase_inductance_Lpp,inductance,0.44,HUMAN_REVIEW,"The OEM variable 'stator_phase_phase_inductance_Lpp' refers to an inductance value related to the stator phase-to-phase measurement, which aligns with the ontology candidate 'inductance'. This candidate has the highest semantic similarity (0.44) among the options and its domain (MotorEquivalentCircuit) is relevant to the context of stator inductance. No other candidate directly relates to inductance.",LLM,0.45268839597702026,0.007848858833312988,"[{""id"": ""locked_rotor_current"", ""sim"": 0.4527}, {""id"": ""inductance"", ""sim"": 0.4448}, {""id"": ""locked_rotor_torque"", ""sim"": 0.4442}, {""id"": ""power_factor"", ""sim"": 0.4271}, {""id"": ""copper_losses"", ""sim"": 0.4265}]"
bmd_series.ttl,max_torque_Mmax,qEmax_kNm,0.54,ACCEPT,"The OEM variable 'max_torque_Mmax' refers to the maximum torque, and among the candidates, 'qEmax_kNm' is described as 'Prime mover maximum torque [kNm]'. This matches both the concept (maximum torque) and the likely domain (prime mover/engine), making it the most appropriate mapping. The similarity score is the highest among the candidates, further supporting this choice.",LLM,0.5369542837142944,0.031717121601104736,"[{""id"": ""qEmax_kNm"", ""sim"": 0.537}, {""id"": ""Qsmax_kNm"", ""sim"": 0.5052}, {""id"": ""Qmax_kNm"", ""sim"": 0.479}, {""id"": ""breakdown_torque"", ""sim"": 0.4661}, {""id"": ""locked_rotor_torque"", ""sim"": 0.4477}]"
bmd_series.ttl,rated_torque_Mn,ratedTorque_kNm,0.53,ACCEPT,"The OEM variable 'rated_torque_Mn' refers to the rated torque, which matches most closely with the ontology property 'ratedTorque_kNm'. This property is specifically defined for components such as Gearbox and Coupling, and its name and context align with the OEM variable. The similarity score is the highest among the candidates, indicating the best match.",LLM,0.5290642976760864,0.007772088050842285,"[{""id"": ""ratedTorque_kNm"", ""sim"": 0.5291}, {""id"": ""ratedTorque_kNm"", ""sim"": 0.5213}, {""id"": ""torque"", ""sim"": 0.5065}, {""id"": ""qEmax_kNm"", ""sim"": 0.4979}, {""id"": ""breakdown_torque"", ""sim"": 0.4974}]"
bmd_series.ttl,rated_speed_nn,nn_rpm,0.85,ACCEPT,"The OEM variable 'rated_speed_nn' most closely matches the ontology candidate 'nn_rpm', as both refer to a nominal or rated speed, typically measured in revolutions per minute (rpm). The other candidates refer to different physical properties (voltage, current, power, air speed) and are less semantically aligned. Despite a lower similarity score, the naming convention and context indicate 'nn_rpm' is the most appropriate mapping.",LLM,0.4690934419631958,0.005445599555969238,"[{""id"": ""rated_voltage"", ""sim"": 0.4691}, {""id"": ""rated_current"", ""sim"": 0.4636}, {""id"": ""rated_output_power"", ""sim"": 0.4593}, {""id"": ""nn_rpm"", ""sim"": 0.4287}, {""id"": ""minimum_air_speed"", ""sim"": 0.4193}]"
bmd_series.ttl,rated_power_Pn,rated_output_power,0.54,ACCEPT,"The OEM variable 'rated_power_Pn' refers to the rated output power of a motor, which matches the ontology candidate 'rated_output_power'. This candidate has the highest similarity score (0.54), its description aligns with the concept of rated power, and it uses the appropriate unit (kW) and source (IEC 60034-1:2022). Other candidates either refer to input power, general power, or power factor, which do not specifically represent the rated output power.",LLM,0.539637565612793,0.043059587478637695,"[{""id"": ""rated_output_power"", ""sim"": 0.5396}, {""id"": ""output_power"", ""sim"": 0.4966}, {""id"": ""input_power"", ""sim"": 0.4813}, {""id"": ""power_factor"", ""sim"": 0.4786}, {""id"": ""power"", ""sim"": 0.4742}]"
bmd_series.ttl,stator_phase_phase_resistance_Rpp,resistance,0.47,HUMAN_REVIEW,"The OEM variable 'stator_phase_phase_resistance_Rpp' refers to the electrical resistance between stator phases, which aligns with the ontology candidate 'resistance'. This candidate has the highest similarity score (0.4735) and its domain is 'MotorEquivalentCircuit', which is appropriate for stator phase resistance. The unit symbol 'ohm' and the IEC source further support the match.",LLM,0.47354233264923096,0.01441037654876709,"[{""id"": ""resistance"", ""sim"": 0.4735}, {""id"": ""locked_rotor_current"", ""sim"": 0.4591}, {""id"": ""locked_rotor_torque"", ""sim"": 0.4541}, {""id"": ""winding_temperature_rise_K"", ""sim"": 0.4383}, {""id"": ""copper_losses"", ""sim"": 0.4366}]"
bmd_series.ttl,rated_voltage_Vn,rated_voltage,0.5606138110160828,ACCEPT,"Auto by margin (top_sim=0.561, margin=0.113)",AUTO_MARGIN,0.5606138110160828,0.1126675009727478,"[{""id"": ""rated_voltage"", ""sim"": 0.5606}, {""id"": ""rated_current"", ""sim"": 0.4479}, {""id"": ""rated_output_power"", ""sim"": 0.4454}, {""id"": ""power_factor"", ""sim"": 0.3923}, {""id"": ""power"", ""sim"": 0.3911}]"
bmd_series.ttl,tau_el,,0.32776111364364624,NO_MATCH,Low similarity (top_sim=0.328 < MIN_SIM=0.45),LOW_SIM,0.32776111364364624,0.007954597473144531,"[{""id"": ""linked_flux"", ""sim"": 0.3278}, {""id"": ""breakdown_torque"", ""sim"": 0.3198}, {""id"": ""locked_rotor_torque"", ""sim"": 0.3182}, {""id"": ""torque"", ""sim"": 0.3103}, {""id"": ""inertiaRatio_Ie_It"", ""sim"": 0.2982}]"
bmd_series.ttl,tau_therm,,0.373881459236145,NO_MATCH,Low similarity (top_sim=0.374 < MIN_SIM=0.45),LOW_SIM,0.373881459236145,0.039056241512298584,"[{""id"": ""winding_temperature_rise_K"", ""sim"": 0.3739}, {""id"": ""locked_rotor_torque"", ""sim"": 0.3348}, {""id"": ""breakdown_torque"", ""sim"": 0.3264}, {""id"": ""atmospheric_pressure_Pa"", ""sim"": 0.3238}, {""id"": ""insulation_thermal_class"", ""sim"": 0.3209}]"
filip.ttl,bearing_torque_coefficient_b,,0.0,SKIPPED_NOT_IN_STANDARD,Skipped (Not found in standard / not defined in ontology),SKIP_LIST,0.0,0.0,[]
filip.ttl,electromagnetic_torque_Te,,0.0,SKIPPED_NOT_IN_STANDARD,Skipped (Not found in standard / not defined in ontology),SKIP_LIST,0.0,0.0,[]
filip.ttl,load_torque_TL,,0.0,SKIPPED_NOT_IN_STANDARD,Skipped (Not found in standard / not defined in ontology),SKIP_LIST,0.0,0.0,[]
filip.ttl,mechanical_speed_omega,angular_frequency,0.85,ACCEPT,"The OEM variable 'mechanical_speed_omega' typically refers to the angular velocity of a rotating component, measured in radians per second (rad/s). Among the candidates, 'angular_frequency' is defined with the unit 'rad/s' and matches the physical meaning of 'omega' in engineering contexts. Other candidates either refer to different physical quantities (e.g., air speed, torque) or use different units (e.g., rpm, rev/s). Therefore, 'angular_frequency' is the most semantically and technically appropriate mapping.",LLM,0.4513278007507324,0.01529356837272644,"[{""id"": ""minimum_air_speed"", ""sim"": 0.4513}, {""id"": ""mcrRpm_revPerSec"", ""sim"": 0.436}, {""id"": ""rotational_frequency"", ""sim"": 0.4314}, {""id"": ""locked_rotor_torque"", ""sim"": 0.4116}, {""id"": ""angular_frequency"", ""sim"": 0.4112}]"
filip.ttl,synchronous_speed_omega_e,,0.42946237325668335,HUMAN_REVIEW,Low similarity (top_sim=0.429 < MIN_SIM=0.45),LOW_SIM,0.42946237325668335,0.00586247444152832,"[{""id"": ""angular_frequency"", ""sim"": 0.4295}, {""id"": ""rotational_frequency"", ""sim"": 0.4236}, {""id"": ""minimum_air_speed"", ""sim"": 0.421}, {""id"": ""mcrRpm_revPerSec"", ""sim"": 0.4041}, {""id"": ""frequency"", ""sim"": 0.4012}]"
filip.ttl,slip_frequency_omega_sl,slip_ratio,0.48288989067077637,HUMAN_REVIEW,"Auto by margin (top_sim=0.483, margin=0.067)",AUTO_MARGIN,0.48288989067077637,0.06686431169509888,"[{""id"": ""slip_ratio"", ""sim"": 0.4829}, {""id"": ""angular_frequency"", ""sim"": 0.416}, {""id"": ""rotational_frequency"", ""sim"": 0.3996}, {""id"": ""naturalFrequency_Hz"", ""sim"": 0.3927}, {""id"": ""frequency"", ""sim"": 0.3715}]"
filip.ttl,pole_pairs_p,number_of_poles,0.529553234577179,ACCEPT,"Auto by margin (top_sim=0.530, margin=0.130)",AUTO_MARGIN,0.529553234577179,0.12950044870376587,"[{""id"": ""number_of_poles"", ""sim"": 0.5296}, {""id"": ""power_factor"", ""sim"": 0.4001}, {""id"": ""power"", ""sim"": 0.366}, {""id"": ""locked_rotor_torque"", ""sim"": 0.3575}, {""id"": ""breakdown_torque"", ""sim"": 0.3574}]"
filip.ttl,moment_of_inertia_J,moment_of_inertia,0.5375056862831116,ACCEPT,"Auto by margin (top_sim=0.538, margin=0.121)",AUTO_MARGIN,0.5375056862831116,0.12118774652481079,"[{""id"": ""moment_of_inertia"", ""sim"": 0.5375}, {""id"": ""charpyV_J"", ""sim"": 0.4163}, {""id"": ""inertiaRatio_Ie_It"", ""sim"": 0.4029}, {""id"": ""torque"", ""sim"": 0.3797}, {""id"": ""mass"", ""sim"": 0.376}]"
filip.ttl,stator_current_d_ids,locked_rotor_current,0.5,HUMAN_REVIEW,"The OEM variable 'stator_current_d_ids' refers to stator current, which is most closely related to 'locked_rotor_current' among the candidates. The similarity score is highest for 'locked_rotor_current' (0.504), and it represents a current property in the ontology, matching the type and domain. Other candidates either refer to torque or losses, which are less relevant. Therefore, 'locked_rotor_current' is the best match based on semantic similarity and context.",LLM,0.5040317177772522,0.03987818956375122,"[{""id"": ""locked_rotor_current"", ""sim"": 0.504}, {""id"": ""locked_rotor_torque"", ""sim"": 0.4642}, {""id"": ""rated_current"", ""sim"": 0.4556}, {""id"": ""breakdown_torque"", ""sim"": 0.4492}, {""id"": ""copper_losses"", ""sim"": 0.4273}]"
filip.ttl,stator_current_q_iqs,locked_rotor_current,0.47,HUMAN_REVIEW,"The variable 'stator_current_q_iqs' refers to the q-axis component of the stator current, which is related to the current in the stator windings of an electric motor. Among the candidates, 'locked_rotor_current' is the closest match, as it represents a specific current condition in the stator, and its similarity score is the highest among the options. However, the match is not exact since 'stator_current_q_iqs' is more specific to vector control or dq-axis representation, which is not explicitly covered by the ontology candidates.",LLM,0.472351610660553,0.03076079487800598,"[{""id"": ""locked_rotor_current"", ""sim"": 0.4724}, {""id"": ""rated_current"", ""sim"": 0.4416}, {""id"": ""locked_rotor_torque"", ""sim"": 0.4392}, {""id"": ""breakdown_torque"", ""sim"": 0.4225}, {""id"": ""linked_flux"", ""sim"": 0.4175}]"
filip.ttl,rotor_flux_d_psi_dr,magnetic_flux,0.46,HUMAN_REVIEW,"The OEM variable 'rotor_flux_d_psi_dr' refers to the d-axis component of rotor flux, which is a specific type of magnetic flux in the rotor of an electric machine. Among the candidates, 'magnetic_flux' is the most semantically relevant, as it directly represents the physical quantity of flux (unit: Wb) in the context of a motor equivalent circuit. Although the similarity score is moderate, it is the closest match available.",LLM,0.49158400297164917,0.0019752979278564453,"[{""id"": ""locked_rotor_current"", ""sim"": 0.4916}, {""id"": ""locked_rotor_torque"", ""sim"": 0.4896}, {""id"": ""magnetic_flux"", ""sim"": 0.4619}, {""id"": ""linked_flux"", ""sim"": 0.4436}, {""id"": ""rotational_frequency"", ""sim"": 0.4175}]"
filip.ttl,rotor_flux_q_psi_qr,magnetic_flux,0.47,HUMAN_REVIEW,"The OEM variable 'rotor_flux_q_psi_qr' refers to the quadrature-axis component of rotor flux, which is a type of magnetic flux in the rotor circuit of an electric motor. Among the candidates, 'magnetic_flux' is the closest match conceptually and by similarity score (0.465), as it directly represents magnetic flux in the motor equivalent circuit. The other candidates refer to torque, current, or are less relevant to the concept of rotor flux.",LLM,0.49708765745162964,0.005096793174743652,"[{""id"": ""locked_rotor_torque"", ""sim"": 0.4971}, {""id"": ""locked_rotor_current"", ""sim"": 0.492}, {""id"": ""magnetic_flux"", ""sim"": 0.4651}, {""id"": ""linked_flux"", ""sim"": 0.4539}, {""id"": ""Qsmax_kNm"", ""sim"": 0.4147}]"
filip.ttl,stator_voltage_d_ud,rated_voltage,0.46,HUMAN_REVIEW,"The OEM variable 'stator_voltage_d_ud' refers to a voltage measurement related to the stator, likely in the d-axis (direct axis) of a motor. Among the ontology candidates, 'rated_voltage' is the closest match as it represents a voltage property associated with a motor, with a similarity score of 0.46. The other candidates pertain to torque, current, or flux, which are not directly related to voltage. Therefore, 'rated_voltage' is selected as the best match, though the confidence is moderate due to the lack of axis-specific voltage properties in the ontology.",LLM,0.46239399909973145,0.03477552533149719,"[{""id"": ""rated_voltage"", ""sim"": 0.4624}, {""id"": ""locked_rotor_torque"", ""sim"": 0.4276}, {""id"": ""locked_rotor_current"", ""sim"": 0.4265}, {""id"": ""breakdown_torque"", ""sim"": 0.4116}, {""id"": ""linked_flux"", ""sim"": 0.3998}]"
filip.ttl,stator_voltage_q_uq,rated_voltage,0.46,HUMAN_REVIEW,"The OEM variable 'stator_voltage_q_uq' refers to a voltage component (likely the q-axis stator voltage in a rotating reference frame). Among the candidates, 'rated_voltage' is the closest match as it represents a voltage property related to the motor, and it has the highest similarity score (0.46). However, it may not capture the specific q-axis aspect, but none of the other candidates are more relevant.",LLM,0.4565344452857971,0.024587810039520264,"[{""id"": ""rated_voltage"", ""sim"": 0.4565}, {""id"": ""locked_rotor_torque"", ""sim"": 0.4319}, {""id"": ""locked_rotor_current"", ""sim"": 0.4232}, {""id"": ""linked_flux"", ""sim"": 0.417}, {""id"": ""breakdown_torque"", ""sim"": 0.4147}]"
filip.ttl,stator_resistance_Rs,resistance,0.49,HUMAN_REVIEW,"The OEM variable 'stator_resistance_Rs' refers to the resistance of the stator winding in a motor. Among the candidates, 'resistance' is the most relevant ontology property, as it is defined for the MotorEquivalentCircuit and uses the correct unit (ohm). The similarity score is the highest among the candidates, though not very high, indicating a moderate match.",LLM,0.4906717836856842,0.0397944450378418,"[{""id"": ""resistance"", ""sim"": 0.4907}, {""id"": ""locked_rotor_current"", ""sim"": 0.4509}, {""id"": ""locked_rotor_torque"", ""sim"": 0.4447}, {""id"": ""copper_losses"", ""sim"": 0.4395}, {""id"": ""winding_temperature_rise_K"", ""sim"": 0.4331}]"
filip.ttl,rotor_resistance_Rr,resistance,0.48,HUMAN_REVIEW,"The OEM variable 'rotor_resistance_Rr' refers to the resistance of the rotor in a motor, which aligns with the ontology candidate 'resistance' (sim: 0.481). The ontology definition specifies resistance as a property in the MotorEquivalentCircuit domain with units of ohms, matching the physical meaning of rotor resistance. No candidate specifically distinguishes rotor resistance from other types, but 'resistance' is the closest match.",LLM,0.5093454122543335,0.008926033973693848,"[{""id"": ""locked_rotor_current"", ""sim"": 0.5093}, {""id"": ""locked_rotor_torque"", ""sim"": 0.5004}, {""id"": ""resistance"", ""sim"": 0.4814}, {""id"": ""winding_temperature_rise_K"", ""sim"": 0.4288}, {""id"": ""mcrRpm_revPerSec"", ""sim"": 0.4278}]"
filip.ttl,stator_inductance_Ls,,0.44897931814193726,HUMAN_REVIEW,Low similarity (top_sim=0.449 < MIN_SIM=0.45),LOW_SIM,0.44897931814193726,0.016647517681121826,"[{""id"": ""inductance"", ""sim"": 0.449}, {""id"": ""locked_rotor_current"", ""sim"": 0.4323}, {""id"": ""linked_flux"", ""sim"": 0.4288}, {""id"": ""locked_rotor_torque"", ""sim"": 0.4211}, {""id"": ""copper_losses"", ""sim"": 0.4207}]"
filip.ttl,rotor_inductance_Lr,inductance,0.45,HUMAN_REVIEW,"The OEM variable 'rotor_inductance_Lr' refers to the inductance of the rotor, which aligns with the ontology candidate 'inductance'. Although the candidate is generic and not specific to the rotor, it is the closest match available. The other candidates refer to different physical properties (current, torque, losses, flux) and are less relevant. The confidence is moderate due to the lack of rotor-specific detail in the ontology candidate.",LLM,0.5306507349014282,0.017341673374176025,"[{""id"": ""locked_rotor_current"", ""sim"": 0.5307}, {""id"": ""locked_rotor_torque"", ""sim"": 0.5133}, {""id"": ""inductance"", ""sim"": 0.4515}, {""id"": ""copper_losses"", ""sim"": 0.43}, {""id"": ""linked_flux"", ""sim"": 0.4285}]"
filip.ttl,magnetizing_inductance_Lm,,0.44529879093170166,HUMAN_REVIEW,Low similarity (top_sim=0.445 < MIN_SIM=0.45),LOW_SIM,0.44529879093170166,0.004280388355255127,"[{""id"": ""inductance"", ""sim"": 0.4453}, {""id"": ""magnetic_flux"", ""sim"": 0.441}, {""id"": ""linked_flux"", ""sim"": 0.4167}, {""id"": ""locked_rotor_current"", ""sim"": 0.3897}, {""id"": ""copper_losses"", ""sim"": 0.3712}]"
filip.ttl,rated_voltage_Un,rated_voltage,0.5399122834205627,ACCEPT,"Auto by margin (top_sim=0.540, margin=0.092)",AUTO_MARGIN,0.5399122834205627,0.0915575623512268,"[{""id"": ""rated_voltage"", ""sim"": 0.5399}, {""id"": ""rated_output_power"", ""sim"": 0.4484}, {""id"": ""rated_current"", ""sim"": 0.4446}, {""id"": ""output_power"", ""sim"": 0.3947}, {""id"": ""power_factor"", ""sim"": 0.3945}]"
filip.ttl,rated_current_In,rated_current,0.55,ACCEPT,"The OEM variable 'rated_current_In' most closely matches the ontology property 'rated_current' based on both semantic similarity (sim: 0.55, the highest among candidates) and the description, which refers to the rated current of a motor, measured in amperes (A), aligning with typical OEM usage and the provided unit symbol.",LLM,0.5465107560157776,0.04805248975753784,"[{""id"": ""rated_current"", ""sim"": 0.5465}, {""id"": ""rated_voltage"", ""sim"": 0.4985}, {""id"": ""rated_output_power"", ""sim"": 0.4956}, {""id"": ""locked_rotor_current"", ""sim"": 0.4725}, {""id"": ""input_power"", ""sim"": 0.4633}]"
filip.ttl,rated_speed_nn,nn_rpm,0.85,ACCEPT,"The OEM variable 'rated_speed_nn' most closely matches the ontology candidate 'nn_rpm', as both refer to a nominal or rated speed, typically measured in revolutions per minute (rpm). The other candidates refer to different physical properties (voltage, current, power, or air speed), making 'nn_rpm' the most semantically aligned despite its slightly lower similarity score.",LLM,0.4690934419631958,0.005445599555969238,"[{""id"": ""rated_voltage"", ""sim"": 0.4691}, {""id"": ""rated_current"", ""sim"": 0.4636}, {""id"": ""rated_output_power"", ""sim"": 0.4593}, {""id"": ""nn_rpm"", ""sim"": 0.4287}, {""id"": ""minimum_air_speed"", ""sim"": 0.4193}]"
filip.ttl,rated_power_Pn,rated_output_power,0.54,ACCEPT,"The OEM variable 'rated_power_Pn' refers to the rated output power of a motor, which aligns closely with the ontology candidate 'rated_output_power'. This candidate has the highest similarity score (0.54), matches the concept of rated power, and specifies the unit as kW, which is typical for rated motor power. The source (IEC 60034-1:2022) also supports this mapping.",LLM,0.539637565612793,0.043059587478637695,"[{""id"": ""rated_output_power"", ""sim"": 0.5396}, {""id"": ""output_power"", ""sim"": 0.4966}, {""id"": ""input_power"", ""sim"": 0.4813}, {""id"": ""power_factor"", ""sim"": 0.4786}, {""id"": ""power"", ""sim"": 0.4742}]"
filip.ttl,power_factor_cos_phi_n,power_factor,0.5119099617004395,ACCEPT,"Auto by margin (top_sim=0.512, margin=0.106)",AUTO_MARGIN,0.5119099617004395,0.10584250092506409,"[{""id"": ""power_factor"", ""sim"": 0.5119}, {""id"": ""input_power"", ""sim"": 0.4061}, {""id"": ""output_power"", ""sim"": 0.4021}, {""id"": ""power"", ""sim"": 0.3985}, {""id"": ""rated_output_power"", ""sim"": 0.3957}]"
hinkkanen.ttl,electromagnetic_torque_Te,,0.0,SKIPPED_NOT_IN_STANDARD,Skipped (Not found in standard / not defined in ontology),SKIP_LIST,0.0,0.0,[]
hinkkanen.ttl,rated_power_Pn,rated_output_power,0.54,ACCEPT,"The OEM variable 'rated_power_Pn' refers to the rated power of a motor, which closely matches the ontology candidate 'rated_output_power'. This candidate has the highest similarity score (0.54), its description specifies 'rated output power' with unit kW, and it is sourced from IEC 60034-1:2022, which is relevant for motor ratings. Other candidates either refer to general power, input power, or lack the 'rated' specification.",LLM,0.539637565612793,0.043059587478637695,"[{""id"": ""rated_output_power"", ""sim"": 0.5396}, {""id"": ""output_power"", ""sim"": 0.4966}, {""id"": ""input_power"", ""sim"": 0.4813}, {""id"": ""power_factor"", ""sim"": 0.4786}, {""id"": ""power"", ""sim"": 0.4742}]"
hinkkanen.ttl,rated_voltage_Un,rated_voltage,0.5399122834205627,ACCEPT,"Auto by margin (top_sim=0.540, margin=0.092)",AUTO_MARGIN,0.5399122834205627,0.0915575623512268,"[{""id"": ""rated_voltage"", ""sim"": 0.5399}, {""id"": ""rated_output_power"", ""sim"": 0.4484}, {""id"": ""rated_current"", ""sim"": 0.4446}, {""id"": ""output_power"", ""sim"": 0.3947}, {""id"": ""power_factor"", ""sim"": 0.3945}]"
hinkkanen.ttl,rated_frequency_fn,,0.4421350955963135,HUMAN_REVIEW,Low similarity (top_sim=0.442 < MIN_SIM=0.45),LOW_SIM,0.4421350955963135,0.008895337581634521,"[{""id"": ""angular_frequency"", ""sim"": 0.4421}, {""id"": ""frequency"", ""sim"": 0.4332}, {""id"": ""rotational_frequency"", ""sim"": 0.408}, {""id"": ""rated_voltage"", ""sim"": 0.3853}, {""id"": ""naturalFrequency_Hz"", ""sim"": 0.3755}]"
hinkkanen.ttl,rated_speed_n_rated,rated_current,0.51,ACCEPT,"The variable 'rated_speed_n_rated' refers to a rated value, likely related to speed (n_rated typically denotes rated speed in engineering contexts). Among the candidates, none directly reference 'rated speed', but 'rated_current', 'rated_voltage', and 'rated_output_power' are all properties of MotorRatedPoint, which is the relevant domain for rated values. 'nn_rpm' refers to nominal speed but is associated with Propeller, not MotorRatedPoint. Based on similarity score and domain relevance, 'rated_current' is the closest match, though the confidence is low due to the lack of a direct speed property.",LLM,0.5051589608192444,0.0019057989120483398,"[{""id"": ""rated_current"", ""sim"": 0.5052}, {""id"": ""rated_voltage"", ""sim"": 0.5033}, {""id"": ""rated_output_power"", ""sim"": 0.5012}, {""id"": ""nn_rpm"", ""sim"": 0.4465}, {""id"": ""ratedTorque_kNm"", ""sim"": 0.4455}]"
hinkkanen.ttl,rated_current_In,rated_current,0.55,ACCEPT,"The OEM variable 'rated_current_In' most closely matches the ontology candidate 'rated_current' based on both semantic similarity (sim=0.55, the highest among candidates) and the matching unit (A for Amperes), which aligns with the typical meaning of 'rated current' for motors. The domain (MotorRatedPoint) and source (IEC 60034-1:2022) further support this mapping.",LLM,0.5465107560157776,0.04805248975753784,"[{""id"": ""rated_current"", ""sim"": 0.5465}, {""id"": ""rated_voltage"", ""sim"": 0.4985}, {""id"": ""rated_output_power"", ""sim"": 0.4956}, {""id"": ""locked_rotor_current"", ""sim"": 0.4725}, {""id"": ""input_power"", ""sim"": 0.4633}]"
hinkkanen.ttl,rated_torque_T_rated,ratedTorque_kNm,0.54,ACCEPT,"The OEM variable 'rated_torque_T_rated' most closely matches the ontology property 'ratedTorque_kNm' based on both the semantic similarity score (0.5411, the highest among candidates) and the alignment of meaning (both refer to the rated torque value). The domain (Gearbox or Coupling) may need further specification, but 'ratedTorque_kNm' is the best available match for the concept of rated torque.",LLM,0.5411089658737183,0.01488351821899414,"[{""id"": ""ratedTorque_kNm"", ""sim"": 0.5411}, {""id"": ""ratedTorque_kNm"", ""sim"": 0.5262}, {""id"": ""breakdown_torque"", ""sim"": 0.5215}, {""id"": ""locked_rotor_torque"", ""sim"": 0.5172}, {""id"": ""rated_output_power"", ""sim"": 0.5135}]"
hinkkanen.ttl,total_moment_of_inertia_J_total,moment_of_inertia,0.5090871453285217,ACCEPT,"Auto by margin (top_sim=0.509, margin=0.126)",AUTO_MARGIN,0.5090871453285217,0.12566480040550232,"[{""id"": ""moment_of_inertia"", ""sim"": 0.5091}, {""id"": ""charpyV_J"", ""sim"": 0.3834}, {""id"": ""inertiaRatio_Ie_It"", ""sim"": 0.3809}, {""id"": ""comp:TorsionalVibrationDamper1"", ""sim"": 0.3703}, {""id"": ""torsionalStiffness_kNmPerRad"", ""sim"": 0.3696}]"
hinkkanen.ttl,stator_resistance_Rs,resistance,0.49,HUMAN_REVIEW,"The OEM variable 'stator_resistance_Rs' refers to the resistance of the stator winding in a motor. Among the candidates, the ontology property 'resistance' is the most relevant match, as it is defined for the MotorEquivalentCircuit and uses ohms as the unit, which aligns with the stator resistance concept. The similarity score is 0.49, indicating a moderate match, but it is the best available among the candidates.",LLM,0.4906717836856842,0.0397944450378418,"[{""id"": ""resistance"", ""sim"": 0.4907}, {""id"": ""locked_rotor_current"", ""sim"": 0.4509}, {""id"": ""locked_rotor_torque"", ""sim"": 0.4447}, {""id"": ""copper_losses"", ""sim"": 0.4395}, {""id"": ""winding_temperature_rise_K"", ""sim"": 0.4331}]"
hinkkanen.ttl,rotor_resistance_RR,resistance,0.47,HUMAN_REVIEW,"The variable 'rotor_resistance_RR' refers to the resistance of the rotor in a motor, which aligns with the ontology property 'resistance' defined for the MotorEquivalentCircuit with unit ohm. Although the similarity score is not the highest among the candidates, 'resistance' is the most semantically relevant property for mapping rotor resistance, as the other candidates refer to current, torque, losses, or temperature rise, which are not direct matches.",LLM,0.5010961294174194,0.010512679815292358,"[{""id"": ""locked_rotor_current"", ""sim"": 0.5011}, {""id"": ""locked_rotor_torque"", ""sim"": 0.4906}, {""id"": ""resistance"", ""sim"": 0.4707}, {""id"": ""copper_losses"", ""sim"": 0.421}, {""id"": ""winding_temperature_rise_K"", ""sim"": 0.4185}]"
hinkkanen.ttl,magnetizing_inductance_LM,,0.43840038776397705,HUMAN_REVIEW,Low similarity (top_sim=0.438 < MIN_SIM=0.45),LOW_SIM,0.43840038776397705,0.0019231438636779785,"[{""id"": ""inductance"", ""sim"": 0.4384}, {""id"": ""magnetic_flux"", ""sim"": 0.4365}, {""id"": ""linked_flux"", ""sim"": 0.4132}, {""id"": ""locked_rotor_current"", ""sim"": 0.3859}, {""id"": ""copper_losses"", ""sim"": 0.3672}]"
hinkkanen.ttl,stator_transient_inductance_L_s_prime,inductance,0.45,HUMAN_REVIEW,"The OEM variable 'stator_transient_inductance_L_s_prime' refers to an inductance parameter of the stator, specifically the transient inductance. Among the candidates, 'inductance' is the closest match, as it directly represents an inductance property in the motor equivalent circuit, with the correct unit (H) and relevant domain. The similarity score is 0.4545, which is the highest among the candidates, but still indicates moderate confidence due to lack of specificity regarding 'transient' and 'stator' in the ontology term.",LLM,0.45590120553970337,0.0013756155967712402,"[{""id"": ""locked_rotor_current"", ""sim"": 0.4559}, {""id"": ""inductance"", ""sim"": 0.4545}, {""id"": ""locked_rotor_torque"", ""sim"": 0.4444}, {""id"": ""linked_flux"", ""sim"": 0.4413}, {""id"": ""magnetic_flux"", ""sim"": 0.4324}]"
hinkkanen.ttl,pole_pairs_p,number_of_poles,0.529553234577179,ACCEPT,"Auto by margin (top_sim=0.530, margin=0.130)",AUTO_MARGIN,0.529553234577179,0.12950044870376587,"[{""id"": ""number_of_poles"", ""sim"": 0.5296}, {""id"": ""power_factor"", ""sim"": 0.4001}, {""id"": ""power"", ""sim"": 0.366}, {""id"": ""locked_rotor_torque"", ""sim"": 0.3575}, {""id"": ""breakdown_torque"", ""sim"": 0.3574}]"
hinkkanen.ttl,rotor_electrical_speed_omega_m,rotational_frequency,0.49,HUMAN_REVIEW,"The OEM variable 'rotor_electrical_speed_omega_m' refers to the electrical rotational speed of a motor's rotor, typically measured in radians per second or revolutions per minute. Among the candidates, 'rotational_frequency' is the closest match as it represents the rotational speed (rpm) of a motor, aligning with the concept of rotor electrical speed. The other candidates refer to torque, current, or air speed, which are not directly related to rotational speed.",LLM,0.5264195203781128,0.0017369985580444336,"[{""id"": ""locked_rotor_current"", ""sim"": 0.5264}, {""id"": ""locked_rotor_torque"", ""sim"": 0.5247}, {""id"": ""rotational_frequency"", ""sim"": 0.4879}, {""id"": ""mcrRpm_revPerSec"", ""sim"": 0.4852}, {""id"": ""minimum_air_speed"", ""sim"": 0.4629}]"
hinkkanen.ttl,reference_frame_speed_omega_k,,0.39171311259269714,NO_MATCH,Low similarity (top_sim=0.392 < MIN_SIM=0.45),LOW_SIM,0.39171311259269714,0.0031734108924865723,"[{""id"": ""rotational_frequency"", ""sim"": 0.3917}, {""id"": ""angular_frequency"", ""sim"": 0.3885}, {""id"": ""mcrRpm_revPerSec"", ""sim"": 0.373}, {""id"": ""frame_size"", ""sim"": 0.3656}, {""id"": ""naturalFrequency_Hz"", ""sim"": 0.3649}]"
hinkkanen.ttl,stator_current_space_vector_is,locked_rotor_current,0.45,HUMAN_REVIEW,"The OEM variable 'stator_current_space_vector_is' refers to a current measurement related to the stator, and among the candidates, 'locked_rotor_current' is the closest match both semantically and by similarity score (0.45). The other candidates refer to torque, flux, or rated current, which are less directly related to the stator current space vector. However, the match is not perfect, as 'locked_rotor_current' specifically refers to the current under locked rotor conditions, while the OEM variable may refer to a general stator current space vector. Therefore, the confidence is moderate.",LLM,0.4527274966239929,0.031055957078933716,"[{""id"": ""locked_rotor_current"", ""sim"": 0.4527}, {""id"": ""locked_rotor_torque"", ""sim"": 0.4217}, {""id"": ""rated_current"", ""sim"": 0.3964}, {""id"": ""linked_flux"", ""sim"": 0.3942}, {""id"": ""breakdown_torque"", ""sim"": 0.3883}]"
hinkkanen.ttl,stator_voltage_space_vector_us,,0.4345168471336365,HUMAN_REVIEW,Low similarity (top_sim=0.435 < MIN_SIM=0.45),LOW_SIM,0.4345168471336365,0.023702621459960938,"[{""id"": ""rated_voltage"", ""sim"": 0.4345}, {""id"": ""locked_rotor_current"", ""sim"": 0.4108}, {""id"": ""locked_rotor_torque"", ""sim"": 0.4094}, {""id"": ""linked_flux"", ""sim"": 0.385}, {""id"": ""breakdown_torque"", ""sim"": 0.3847}]"
hinkkanen.ttl,stator_flux_psi_s,magnetic_flux,0.46,HUMAN_REVIEW,"The OEM variable 'stator_flux_psi_s' refers to the magnetic flux in the stator, typically measured in Weber (Wb). Among the candidates, 'magnetic_flux' is the most semantically relevant and has the highest similarity score (0.4647). The ontology description also matches the domain (MotorEquivalentCircuit) and unit (Wb), aligning with the OEM variable's context.",LLM,0.4646725654602051,0.02467668056488037,"[{""id"": ""magnetic_flux"", ""sim"": 0.4647}, {""id"": ""linked_flux"", ""sim"": 0.44}, {""id"": ""locked_rotor_torque"", ""sim"": 0.4133}, {""id"": ""locked_rotor_current"", ""sim"": 0.4057}, {""id"": ""power_factor"", ""sim"": 0.3812}]"
hinkkanen.ttl,rotor_flux_psi_R,magnetic_flux,0.46,HUMAN_REVIEW,"The OEM variable 'rotor_flux_psi_R' refers to the magnetic flux in the rotor, which aligns conceptually with the ontology property 'magnetic_flux'. Both represent magnetic flux, and the ontology property uses the unit Weber (Wb), which is standard for flux. Although the similarity score is moderate, it is the most semantically relevant candidate among the options.",LLM,0.49189093708992004,0.0011661350727081299,"[{""id"": ""locked_rotor_current"", ""sim"": 0.4919}, {""id"": ""locked_rotor_torque"", ""sim"": 0.4907}, {""id"": ""magnetic_flux"", ""sim"": 0.4583}, {""id"": ""linked_flux"", ""sim"": 0.4379}, {""id"": ""rotational_frequency"", ""sim"": 0.4138}]"
hinkkanen.ttl,stator_frequency_omega_s,angular_frequency,0.46,HUMAN_REVIEW,"The OEM variable 'stator_frequency_omega_s' refers to the angular frequency of the stator, typically measured in radians per second (rad/s). Among the candidates, 'angular_frequency' has the highest similarity score and matches the unit (rad/s) and concept. Other candidates refer to rotational frequency (rpm), general frequency (Hz), or unrelated properties. Therefore, 'angular_frequency' is the most appropriate mapping.",LLM,0.46362045407295227,0.01669272780418396,"[{""id"": ""angular_frequency"", ""sim"": 0.4636}, {""id"": ""rotational_frequency"", ""sim"": 0.4469}, {""id"": ""frequency"", ""sim"": 0.4387}, {""id"": ""naturalFrequency_Hz"", ""sim"": 0.4361}, {""id"": ""locked_rotor_current"", ""sim"": 0.4226}]"
hinkkanen.ttl,slip_frequency_omega_r,slip_ratio,0.49,HUMAN_REVIEW,"The OEM variable 'slip_frequency_omega_r' likely refers to the slip frequency or slip ratio in an electric motor, which is conceptually closest to the ontology candidate 'slip_ratio'. The similarity score is the highest among the candidates (0.49), and the unit 'pu' (per unit) is commonly used for slip ratio. Other candidates refer to general frequencies or rotational speeds, which do not specifically capture the concept of slip in motors.",LLM,0.48552465438842773,0.04049980640411377,"[{""id"": ""slip_ratio"", ""sim"": 0.4855}, {""id"": ""angular_frequency"", ""sim"": 0.445}, {""id"": ""rotational_frequency"", ""sim"": 0.44}, {""id"": ""mcrRpm_revPerSec"", ""sim"": 0.4062}, {""id"": ""naturalFrequency_Hz"", ""sim"": 0.4051}]"
hinkkanen.ttl,stator_current_d_isd,locked_rotor_current,0.48,HUMAN_REVIEW,"The OEM variable 'stator_current_d_isd' refers to a stator current, and among the ontology candidates, 'locked_rotor_current' is the closest match both semantically and by similarity score (0.48). The other candidates either refer to torque, losses, or rated current, which do not specifically match the 'd-axis stator current' concept. However, the match is not exact, as 'stator_current_d_isd' may refer to a specific component of stator current in a vector control context, while 'locked_rotor_current' is a general property. The confidence is moderate due to this partial alignment.",LLM,0.47675442695617676,0.04296994209289551,"[{""id"": ""locked_rotor_current"", ""sim"": 0.4768}, {""id"": ""locked_rotor_torque"", ""sim"": 0.4338}, {""id"": ""rated_current"", ""sim"": 0.4333}, {""id"": ""breakdown_torque"", ""sim"": 0.4161}, {""id"": ""copper_losses"", ""sim"": 0.3977}]"
hinkkanen.ttl,stator_current_q_isq,locked_rotor_current,0.48,HUMAN_REVIEW,"The OEM variable 'stator_current_q_isq' refers to the q-axis component of stator current, which is related to the electrical current in the motor. Among the candidates, 'locked_rotor_current' has the highest similarity score (0.475) and is the closest match in terms of representing a current property in the ontology. Other candidates either refer to torque, flux, or rated current, which do not specifically match the q-axis stator current. Therefore, 'locked_rotor_current' is selected as the best match, though the confidence is moderate due to the lack of an exact q-axis stator current property.",LLM,0.47502225637435913,0.03552043437957764,"[{""id"": ""locked_rotor_current"", ""sim"": 0.475}, {""id"": ""locked_rotor_torque"", ""sim"": 0.4395}, {""id"": ""rated_current"", ""sim"": 0.4368}, {""id"": ""linked_flux"", ""sim"": 0.4161}, {""id"": ""breakdown_torque"", ""sim"": 0.4154}]"
imfinityCLIS_motor.ttl,Md_Mn,,0.0,SKIPPED_NOT_IN_STANDARD,Skipped (Not found in standard / not defined in ontology),SKIP_LIST,0.0,0.0,[]
imfinityCLIS_motor.ttl,Mm_Mn,,0.0,SKIPPED_NOT_IN_STANDARD,Skipped (Not found in standard / not defined in ontology),SKIP_LIST,0.0,0.0,[]
imfinityCLIS_motor.ttl,Id_In,,0.0,SKIPPED_NOT_IN_STANDARD,Skipped (Not found in standard / not defined in ontology),SKIP_LIST,0.0,0.0,[]
imfinityCLIS_motor.ttl,frame_size_min,,0.4039610028266907,HUMAN_REVIEW,Low similarity (top_sim=0.404 < MIN_SIM=0.45),LOW_SIM,0.4039610028266907,0.10057073831558228,"[{""id"": ""frame_size"", ""sim"": 0.404}, {""id"": ""hull:TransverseFrame101"", ""sim"": 0.3034}, {""id"": ""hull:LongitudinalFrame201"", ""sim"": 0.286}, {""id"": ""reg:CI_RudderSpeedMinima"", ""sim"": 0.2851}, {""id"": ""hull:WebFrame1"", ""sim"": 0.2827}]"
imfinityCLIS_motor.ttl,efficiency_class,efficiency_class_ie,0.5463007688522339,ACCEPT,"Auto by margin (top_sim=0.546, margin=0.090)",AUTO_MARGIN,0.5463007688522339,0.0903024673461914,"[{""id"": ""efficiency_class_ie"", ""sim"": 0.5463}, {""id"": ""efficiency"", ""sim"": 0.456}, {""id"": ""insulation_thermal_class"", ""sim"": 0.4211}, {""id"": ""power_factor"", ""sim"": 0.3929}, {""id"": ""rated_output_power"", ""sim"": 0.38}]"
imfinityCLIS_motor.ttl,standard_operating_voltage,rated_voltage,0.47365909814834595,HUMAN_REVIEW,"Auto by margin (top_sim=0.474, margin=0.083)",AUTO_MARGIN,0.47365909814834595,0.0830945074558258,"[{""id"": ""rated_voltage"", ""sim"": 0.4737}, {""id"": ""rated_output_power"", ""sim"": 0.3906}, {""id"": ""breakdown_torque"", ""sim"": 0.3874}, {""id"": ""output_power"", ""sim"": 0.3804}, {""id"": ""locked_rotor_current"", ""sim"": 0.3795}]"
imfinityCLIS_motor.ttl,type_designation,,0.36746343970298767,NO_MATCH,Low similarity (top_sim=0.367 < MIN_SIM=0.45),LOW_SIM,0.36746343970298767,0.0019867122173309326,"[{""id"": ""hull:HullParams1"", ""sim"": 0.3675}, {""id"": ""designOperationSpeedInIce_kn"", ""sim"": 0.3655}, {""id"": ""IceLoadDetectionSystem"", ""sim"": 0.3646}, {""id"": ""boltDesignForFex"", ""sim"": 0.3629}, {""id"": ""TorqueMonitoringSystem"", ""sim"": 0.3619}]"
imfinityCLIS_motor.ttl,poles,number_of_poles,0.5132922530174255,ACCEPT,"Auto by margin (top_sim=0.513, margin=0.180)",AUTO_MARGIN,0.5132922530174255,0.17963498830795288,"[{""id"": ""number_of_poles"", ""sim"": 0.5133}, {""id"": ""power_factor"", ""sim"": 0.3337}, {""id"": ""power"", ""sim"": 0.3136}, {""id"": ""breakdown_torque"", ""sim"": 0.3122}, {""id"": ""n_bollard_rpm"", ""sim"": 0.3119}]"
imfinityCLIS_motor.ttl,Pn_kW,rated_output_power,0.95,ACCEPT,"The OEM variable 'Pn_kW' likely refers to the nominal or rated power of a motor in kilowatts. Among the candidates, 'rated_output_power' specifically denotes the rated output power with unit kW, matching both the meaning and unit of the OEM variable. The similarity score is also the highest among the candidates, further supporting this mapping.",LLM,0.467221736907959,0.014645993709564209,"[{""id"": ""rated_output_power"", ""sim"": 0.4672}, {""id"": ""power_factor"", ""sim"": 0.4526}, {""id"": ""output_power"", ""sim"": 0.4417}, {""id"": ""input_power"", ""sim"": 0.4351}, {""id"": ""power"", ""sim"": 0.4349}]"
imfinityCLIS_motor.ttl,Mn_Nm,,0.4133692681789398,HUMAN_REVIEW,Low similarity (top_sim=0.413 < MIN_SIM=0.45),LOW_SIM,0.4133692681789398,0.0030575990676879883,"[{""id"": ""qEmax_kNm"", ""sim"": 0.4134}, {""id"": ""torque"", ""sim"": 0.4103}, {""id"": ""Qr_kNm"", ""sim"": 0.4066}, {""id"": ""mass"", ""sim"": 0.376}, {""id"": ""Qsmax_kNm"", ""sim"": 0.3674}]"
imfinityCLIS_motor.ttl,J_kg_m2,,0.42209136486053467,HUMAN_REVIEW,Low similarity (top_sim=0.422 < MIN_SIM=0.45),LOW_SIM,0.42209136486053467,0.010257720947265625,"[{""id"": ""mass"", ""sim"": 0.4221}, {""id"": ""charpyV_J"", ""sim"": 0.4118}, {""id"": ""addedMass_kg"", ""sim"": 0.4071}, {""id"": ""atmospheric_pressure_Pa"", ""sim"": 0.3932}, {""id"": ""winding_temperature_rise_K"", ""sim"": 0.388}]"
imfinityCLIS_motor.ttl,mass_kg,addedMass_kg,0.5,HUMAN_REVIEW,"The OEM variable 'mass_kg' most closely matches the ontology candidate 'addedMass_kg' based on the highest similarity score (0.50). Both variables refer to a mass measured in kilograms. However, 'addedMass_kg' specifically refers to hydrodynamic added mass, which may not be exactly equivalent to a general mass variable. The next closest candidate, 'mass', has a slightly lower similarity score (0.48) and is specific to an ElectricMotor. Given the available candidates, 'addedMass_kg' is the best match, but the confidence is moderate due to the potential difference in context.",LLM,0.5027289986610413,0.02348226308822632,"[{""id"": ""addedMass_kg"", ""sim"": 0.5027}, {""id"": ""mass"", ""sim"": 0.4792}, {""id"": ""moment_of_inertia"", ""sim"": 0.3715}, {""id"": ""qEmax_kNm"", ""sim"": 0.3644}, {""id"": ""mcrPower_kW"", ""sim"": 0.3634}]"
imfinityCLIS_motor.ttl,noise_level_dBA,sound_power_level_A_weighted_dB,0.5120556950569153,ACCEPT,"Auto by margin (top_sim=0.512, margin=0.193)",AUTO_MARGIN,0.5120556950569153,0.1928357481956482,"[{""id"": ""sound_power_level_A_weighted_dB"", ""sim"": 0.5121}, {""id"": ""frequency"", ""sim"": 0.3192}, {""id"": ""rated_output_power"", ""sim"": 0.3168}, {""id"": ""naturalFrequency_Hz"", ""sim"": 0.3143}, {""id"": ""samplingRate_Hz"", ""sim"": 0.314}]"
imfinityCLIS_motor.ttl,Nn_rpm,nn_rpm,0.51,ACCEPT,"The OEM variable 'Nn_rpm' closely matches the ontology candidate 'nn_rpm' based on both the similarity score (0.51, highest among candidates) and semantic alignment. Both refer to nominal speed in rpm, and the ontology description specifies 'Nominal speed at MCR, free running [rpm]', which fits typical OEM variable naming conventions for engine or propeller speed. Other candidates either have lower similarity or refer to different contexts (e.g., bollard speed, rotational frequency in different domains).",LLM,0.5089354515075684,0.021869182586669922,"[{""id"": ""nn_rpm"", ""sim"": 0.5089}, {""id"": ""mcrRpm_revPerSec"", ""sim"": 0.4871}, {""id"": ""rotational_frequency"", ""sim"": 0.4569}, {""id"": ""n_bollard_rpm"", ""sim"": 0.4565}, {""id"": ""torque"", ""sim"": 0.4287}]"
imfinityCLIS_motor.ttl,In_A,,0.3070976436138153,NO_MATCH,Low similarity (top_sim=0.307 < MIN_SIM=0.45),LOW_SIM,0.3070976436138153,0.0026056766510009766,"[{""id"": ""sound_power_level_A_weighted_dB"", ""sim"": 0.3071}, {""id"": ""nearCenterlineAft"", ""sim"": 0.3045}, {""id"": ""strainerOpenAreaRatio"", ""sim"": 0.2989}, {""id"": ""StartingSystem"", ""sim"": 0.2978}, {""id"": ""eng:IntakeAndExhaustSystem1"", ""sim"": 0.2976}]"
imfinityCLIS_motor.ttl,efficiency_level,,0.43365857005119324,HUMAN_REVIEW,Low similarity (top_sim=0.434 < MIN_SIM=0.45),LOW_SIM,0.43365857005119324,0.0038184821605682373,"[{""id"": ""efficiency_class_ie"", ""sim"": 0.4337}, {""id"": ""efficiency"", ""sim"": 0.4298}, {""id"": ""power_factor"", ""sim"": 0.363}, {""id"": ""rated_output_power"", ""sim"": 0.3565}, {""id"": ""output_power"", ""sim"": 0.35}]"
imfinityCLIS_motor.ttl,power_factor,power_factor,0.5934240818023682,ACCEPT,"Auto by margin (top_sim=0.593, margin=0.109)",AUTO_MARGIN,0.5934240818023682,0.10926511883735657,"[{""id"": ""power_factor"", ""sim"": 0.5934}, {""id"": ""output_power"", ""sim"": 0.4842}, {""id"": ""input_power"", ""sim"": 0.4839}, {""id"": ""rated_output_power"", ""sim"": 0.4707}, {""id"": ""power"", ""sim"": 0.4684}]"
lassi.ttl,power_P_N,output_power,0.48,HUMAN_REVIEW,"The OEM variable 'power_P_N' most likely refers to the nominal or rated output power of a motor, which aligns with the ontology candidate 'output_power'. This candidate has the highest similarity score (0.477) among those directly related to power, and its description matches the expected meaning of the OEM variable. The unit (W) and domain (MotorRatedPoint) are also appropriate for this mapping.",LLM,0.4822680652141571,0.005135476589202881,"[{""id"": ""power_factor"", ""sim"": 0.4823}, {""id"": ""output_power"", ""sim"": 0.4771}, {""id"": ""input_power"", ""sim"": 0.4767}, {""id"": ""power"", ""sim"": 0.4585}, {""id"": ""rated_output_power"", ""sim"": 0.458}]"
lassi.ttl,current_I_N,,0.3610183000564575,NO_MATCH,Low similarity (top_sim=0.361 < MIN_SIM=0.45),LOW_SIM,0.3610183000564575,0.0009104013442993164,"[{""id"": ""locked_rotor_current"", ""sim"": 0.361}, {""id"": ""rated_current"", ""sim"": 0.3601}, {""id"": ""resistance"", ""sim"": 0.3326}, {""id"": ""inertiaRatio_Ie_It"", ""sim"": 0.3319}, {""id"": ""torque"", ""sim"": 0.3215}]"
lassi.ttl,voltage_U_N,,0.44364070892333984,HUMAN_REVIEW,Low similarity (top_sim=0.444 < MIN_SIM=0.45),LOW_SIM,0.44364070892333984,0.07715526223182678,"[{""id"": ""rated_voltage"", ""sim"": 0.4436}, {""id"": ""linked_flux"", ""sim"": 0.3665}, {""id"": ""power_factor"", ""sim"": 0.3615}, {""id"": ""resistance"", ""sim"": 0.3586}, {""id"": ""copper_losses"", ""sim"": 0.3536}]"
lassi.ttl,torque_T_N,torque,0.95,ACCEPT,"The OEM variable 'torque_T_N' represents torque in Newton-meters (Nm), which directly matches the ontology candidate 'torque' whose unitSymbol is Nm and is defined as a property for motor rated points. The similarity score is the highest among the candidates, and the semantic meaning aligns closely with the OEM variable.",LLM,0.4860740303993225,0.010121524333953857,"[{""id"": ""torque"", ""sim"": 0.4861}, {""id"": ""breakdown_torque"", ""sim"": 0.476}, {""id"": ""qEmax_kNm"", ""sim"": 0.4633}, {""id"": ""TorqueMonitoringSystem"", ""sim"": 0.4614}, {""id"": ""locked_rotor_torque"", ""sim"": 0.4582}]"
lassi.ttl,frequency_f_N,naturalFrequency_Hz,0.9,ACCEPT,"The OEM variable 'frequency_f_N' includes the suffix '_N', which commonly denotes 'natural' in engineering contexts (e.g., natural frequency). Among the candidates, 'naturalFrequency_Hz' specifically refers to the first global vibration natural frequency, making it the most semantically appropriate match. The similarity score is also high and the context aligns with typical OEM variable naming conventions.",LLM,0.45019811391830444,0.002622544765472412,"[{""id"": ""angular_frequency"", ""sim"": 0.4502}, {""id"": ""naturalFrequency_Hz"", ""sim"": 0.4476}, {""id"": ""frequency"", ""sim"": 0.4365}, {""id"": ""rotational_frequency"", ""sim"": 0.4029}, {""id"": ""samplingRate_Hz"", ""sim"": 0.3249}]"
lassi.ttl,speed_n_N,,0.41897496581077576,HUMAN_REVIEW,Low similarity (top_sim=0.419 < MIN_SIM=0.45),LOW_SIM,0.41897496581077576,0.01740434765815735,"[{""id"": ""minimum_air_speed"", ""sim"": 0.419}, {""id"": ""nn_rpm"", ""sim"": 0.4016}, {""id"": ""n_bollard_rpm"", ""sim"": 0.3891}, {""id"": ""mcrRpm_revPerSec"", ""sim"": 0.386}, {""id"": ""rudderDesignSpeed_kn"", ""sim"": 0.3801}]"
lassi.ttl,efficiency_eta,,0.43858104944229126,HUMAN_REVIEW,Low similarity (top_sim=0.439 < MIN_SIM=0.45),LOW_SIM,0.43858104944229126,0.00011658668518066406,"[{""id"": ""efficiency_class_ie"", ""sim"": 0.4386}, {""id"": ""efficiency"", ""sim"": 0.4385}, {""id"": ""power_factor"", ""sim"": 0.3923}, {""id"": ""linked_flux"", ""sim"": 0.3763}, {""id"": ""rated_output_power"", ""sim"": 0.3745}]"
lassi.ttl,input_power_P1,input_power,0.51,ACCEPT,"The OEM variable 'input_power_P1' most closely matches the ontology candidate 'input_power' with the highest similarity score (0.51). Both refer to the input power of a motor, and the ontology definition specifies the same unit (W) and relevant standard (IEC 60034-2-1:2024), aligning with the likely meaning of the OEM variable.",LLM,0.5105133652687073,0.045162081718444824,"[{""id"": ""input_power"", ""sim"": 0.5105}, {""id"": ""output_power"", ""sim"": 0.4654}, {""id"": ""rated_output_power"", ""sim"": 0.4587}, {""id"": ""power_factor"", ""sim"": 0.4435}, {""id"": ""power"", ""sim"": 0.4192}]"
lassi.ttl,shaft_power_P2,output_power,0.85,ACCEPT,"The OEM variable 'shaft_power_P2' refers to the mechanical power delivered by the shaft, which is commonly termed as 'output power' in motor and machinery contexts. Among the candidates, 'output_power' has the highest similarity score and its definition aligns with the meaning of shaft power, as it represents the power output from the motor shaft. The unit (W) and the source (IEC 60034-2-1:2024) further support this mapping.",LLM,0.5002341270446777,0.004756033420562744,"[{""id"": ""output_power"", ""sim"": 0.5002}, {""id"": ""power"", ""sim"": 0.4955}, {""id"": ""rated_output_power"", ""sim"": 0.4947}, {""id"": ""power_factor"", ""sim"": 0.4928}, {""id"": ""input_power"", ""sim"": 0.4911}]"
lassi.ttl,stator_copper_losses_P_s,copper_losses,0.5881795883178711,ACCEPT,"Auto by margin (top_sim=0.588, margin=0.141)",AUTO_MARGIN,0.5881795883178711,0.14111703634262085,"[{""id"": ""copper_losses"", ""sim"": 0.5882}, {""id"": ""locked_rotor_current"", ""sim"": 0.4471}, {""id"": ""locked_rotor_torque"", ""sim"": 0.4453}, {""id"": ""power_factor"", ""sim"": 0.4443}, {""id"": ""rated_output_power"", ""sim"": 0.428}]"
lassi.ttl,slip_s,slip_ratio,0.4949715733528137,HUMAN_REVIEW,"Auto by margin (top_sim=0.495, margin=0.166)",AUTO_MARGIN,0.4949715733528137,0.16571331024169922,"[{""id"": ""slip_ratio"", ""sim"": 0.495}, {""id"": ""SNcurveType"", ""sim"": 0.3293}, {""id"": ""linked_flux"", ""sim"": 0.3004}, {""id"": ""Qsex_kNm"", ""sim"": 0.3002}, {""id"": ""copper_losses"", ""sim"": 0.2998}]"
lassi.ttl,phase_resistance_R_ph,resistance,0.4901901185512543,HUMAN_REVIEW,"Auto by margin (top_sim=0.490, margin=0.089)",AUTO_MARGIN,0.4901901185512543,0.0891767144203186,"[{""id"": ""resistance"", ""sim"": 0.4902}, {""id"": ""linked_flux"", ""sim"": 0.401}, {""id"": ""copper_losses"", ""sim"": 0.3928}, {""id"": ""power_factor"", ""sim"": 0.3887}, {""id"": ""inductance"", ""sim"": 0.3829}]"
lassi.ttl,stator_voltage_vector_u_s,,0.43530726432800293,HUMAN_REVIEW,Low similarity (top_sim=0.435 < MIN_SIM=0.45),LOW_SIM,0.43530726432800293,0.02828240394592285,"[{""id"": ""rated_voltage"", ""sim"": 0.4353}, {""id"": ""locked_rotor_current"", ""sim"": 0.407}, {""id"": ""locked_rotor_torque"", ""sim"": 0.4051}, {""id"": ""linked_flux"", ""sim"": 0.3846}, {""id"": ""breakdown_torque"", ""sim"": 0.3821}]"
lassi.ttl,stator_current_vector_i_s,locked_rotor_current,0.48,HUMAN_REVIEW,"The OEM variable 'stator_current_vector_i_s' refers to the stator current, which is most closely related to 'locked_rotor_current' among the candidates. The similarity score is highest for 'locked_rotor_current' (0.476), and both refer to current properties in the context of motor operation. Other candidates either refer to torque, flux, or rated current, which do not directly match the vector stator current variable.",LLM,0.47595977783203125,0.038740456104278564,"[{""id"": ""locked_rotor_current"", ""sim"": 0.476}, {""id"": ""locked_rotor_torque"", ""sim"": 0.4372}, {""id"": ""rated_current"", ""sim"": 0.4299}, {""id"": ""linked_flux"", ""sim"": 0.4132}, {""id"": ""breakdown_torque"", ""sim"": 0.4103}]"
motor_leroy_somer.ttl,Id_A,,0.0,SKIPPED_NOT_IN_STANDARD,Skipped (Not found in standard / not defined in ontology),SKIP_LIST,0.0,0.0,[]
motor_leroy_somer.ttl,atmospheric_pressure_hPa,atmospheric_pressure_Pa,0.5489563941955566,ACCEPT,"Auto by margin (top_sim=0.549, margin=0.236)",AUTO_MARGIN,0.5489563941955566,0.23590722680091858,"[{""id"": ""atmospheric_pressure_Pa"", ""sim"": 0.549}, {""id"": ""compressorChargeTime_h"", ""sim"": 0.313}, {""id"": ""hull:HullParams1"", ""sim"": 0.2825}, {""id"": ""minimum_air_speed"", ""sim"": 0.2802}, {""id"": ""winding_temperature_rise_K"", ""sim"": 0.2794}]"
motor_leroy_somer.ttl,rated_supply_voltage,rated_voltage,0.566903293132782,ACCEPT,"Auto by margin (top_sim=0.567, margin=0.096)",AUTO_MARGIN,0.566903293132782,0.0962933897972107,"[{""id"": ""rated_voltage"", ""sim"": 0.5669}, {""id"": ""rated_output_power"", ""sim"": 0.4706}, {""id"": ""rated_current"", ""sim"": 0.4599}, {""id"": ""output_power"", ""sim"": 0.4139}, {""id"": ""input_power"", ""sim"": 0.4088}]"
motor_leroy_somer.ttl,rated_frequency,frequency,0.9,ACCEPT,"The OEM variable 'rated_frequency' most closely matches the ontology candidate 'frequency', which is defined as a property with unit Hz and is sourced from IEC 60034-1:2022, the same standard that typically defines rated values for motors. The similarity score is high relative to other candidates, and the domain (MotorRatedPoint) is appropriate. The other candidates either refer to angular frequency (rad/s), rotational frequency (rpm), or are unrelated properties (voltage, current).",LLM,0.5022432804107666,0.0063575804233551025,"[{""id"": ""angular_frequency"", ""sim"": 0.5022}, {""id"": ""frequency"", ""sim"": 0.4959}, {""id"": ""rotational_frequency"", ""sim"": 0.4749}, {""id"": ""rated_voltage"", ""sim"": 0.4647}, {""id"": ""rated_current"", ""sim"": 0.4474}]"
motor_leroy_somer.ttl,insulation_class,insulation_thermal_class,0.5588622093200684,ACCEPT,"Auto by margin (top_sim=0.559, margin=0.149)",AUTO_MARGIN,0.5588622093200684,0.1491522192955017,"[{""id"": ""insulation_thermal_class"", ""sim"": 0.5589}, {""id"": ""efficiency_class_ie"", ""sim"": 0.4097}, {""id"": ""IceLoadDetectionSystem"", ""sim"": 0.3981}, {""id"": ""copper_losses"", ""sim"": 0.3751}, {""id"": ""resistance"", ""sim"": 0.3746}]"
motor_leroy_somer.ttl,minimum_air_speed_m_per_s,minimum_air_speed,0.5798845887184143,ACCEPT,"Auto by margin (top_sim=0.580, margin=0.089)",AUTO_MARGIN,0.5798845887184143,0.08919155597686768,"[{""id"": ""minimum_air_speed"", ""sim"": 0.5799}, {""id"": ""reg:CI_RudderSpeedMinima"", ""sim"": 0.4907}, {""id"": ""shape:rudderSpeedMinima"", ""sim"": 0.442}, {""id"": ""rudderDesignSpeed_kn"", ""sim"": 0.4047}, {""id"": ""mcrRpm_revPerSec"", ""sim"": 0.4023}]"
motor_leroy_somer.ttl,power_rating,rated_output_power,0.54,ACCEPT,"The OEM variable 'power_rating' most closely matches the ontology candidate 'rated_output_power' based on both the highest similarity score (0.5359) and semantic alignment. 'Power rating' typically refers to the rated output power of a device, which is consistent with the candidate's definition and unit (kW).",LLM,0.5359390377998352,0.011342942714691162,"[{""id"": ""rated_output_power"", ""sim"": 0.5359}, {""id"": ""output_power"", ""sim"": 0.5246}, {""id"": ""input_power"", ""sim"": 0.5138}, {""id"": ""power"", ""sim"": 0.5005}, {""id"": ""power_factor"", ""sim"": 0.4954}]"
motor_leroy_somer.ttl,Pn_W,,0.36746203899383545,NO_MATCH,Low similarity (top_sim=0.367 < MIN_SIM=0.45),LOW_SIM,0.36746203899383545,0.00029164552688598633,"[{""id"": ""power"", ""sim"": 0.3675}, {""id"": ""output_power"", ""sim"": 0.3672}, {""id"": ""input_power"", ""sim"": 0.3621}, {""id"": ""atmospheric_pressure_Pa"", ""sim"": 0.3605}, {""id"": ""linked_flux"", ""sim"": 0.3599}]"
motor_leroy_somer.ttl,Nn_rpm,nn_rpm,0.51,ACCEPT,"The OEM variable 'Nn_rpm' closely matches the ontology candidate 'nn_rpm' based on both the name similarity and the description. Both refer to nominal speed in rpm, and the candidate's comment specifies 'Nominal speed at MCR, free running [rpm]', which aligns with typical OEM variable naming conventions. The similarity score is the highest among the candidates, supporting this mapping.",LLM,0.5089354515075684,0.021869182586669922,"[{""id"": ""nn_rpm"", ""sim"": 0.5089}, {""id"": ""mcrRpm_revPerSec"", ""sim"": 0.4871}, {""id"": ""rotational_frequency"", ""sim"": 0.4569}, {""id"": ""n_bollard_rpm"", ""sim"": 0.4565}, {""id"": ""torque"", ""sim"": 0.4287}]"
motor_leroy_somer.ttl,In_A,,0.3070976436138153,NO_MATCH,Low similarity (top_sim=0.307 < MIN_SIM=0.45),LOW_SIM,0.3070976436138153,0.0026056766510009766,"[{""id"": ""sound_power_level_A_weighted_dB"", ""sim"": 0.3071}, {""id"": ""nearCenterlineAft"", ""sim"": 0.3045}, {""id"": ""strainerOpenAreaRatio"", ""sim"": 0.2989}, {""id"": ""StartingSystem"", ""sim"": 0.2978}, {""id"": ""eng:IntakeAndExhaustSystem1"", ""sim"": 0.2976}]"
motor_leroy_somer.ttl,Cos_phi,,0.33385908603668213,NO_MATCH,Low similarity (top_sim=0.334 < MIN_SIM=0.45),LOW_SIM,0.33385908603668213,0.011435508728027344,"[{""id"": ""power_factor"", ""sim"": 0.3339}, {""id"": ""angular_frequency"", ""sim"": 0.3224}, {""id"": ""slip_ratio"", ""sim"": 0.3214}, {""id"": ""breakdown_torque"", ""sim"": 0.3116}, {""id"": ""locked_rotor_torque"", ""sim"": 0.3108}]"
motor_leroy_somer.ttl,eta,,0.3146708011627197,NO_MATCH,Low similarity (top_sim=0.315 < MIN_SIM=0.45),LOW_SIM,0.3146708011627197,0.00541725754737854,"[{""id"": ""frequency"", ""sim"": 0.3147}, {""id"": ""power_factor"", ""sim"": 0.3093}, {""id"": ""linked_flux"", ""sim"": 0.3088}, {""id"": ""EAR"", ""sim"": 0.3081}, {""id"": ""resistance"", ""sim"": 0.3045}]"
motor_leroy_somer.ttl,mass_Kg,addedMass_kg,0.5,HUMAN_REVIEW,"The variable 'mass_Kg' from the OEM dataset most closely matches the ontology candidate 'addedMass_kg' based on the highest similarity score (0.5003). Both variables refer to a mass value in kilograms. However, 'addedMass_kg' specifically refers to hydrodynamic added mass for global modes, which may not be a perfect conceptual match if 'mass_Kg' refers to total or static mass. The next closest candidate, 'mass', has a slightly lower similarity score (0.4775) and is scoped to ElectricMotor, which may not align with the OEM context. Therefore, 'addedMass_kg' is selected as the best available match, but with moderate confidence due to possible domain mismatch.",LLM,0.5003437995910645,0.02288353443145752,"[{""id"": ""addedMass_kg"", ""sim"": 0.5003}, {""id"": ""mass"", ""sim"": 0.4775}, {""id"": ""moment_of_inertia"", ""sim"": 0.3745}, {""id"": ""Qr_kNm"", ""sim"": 0.3654}, {""id"": ""mcrPower_kW"", ""sim"": 0.3611}]"
paper_sampo.ttl,rotor_current_d_i_rd,,0.0,SKIPPED_NOT_IN_STANDARD,Skipped (Not found in standard / not defined in ontology),SKIP_LIST,0.0,0.0,[]
paper_sampo.ttl,rotor_current_q_i_rq,,0.0,SKIPPED_NOT_IN_STANDARD,Skipped (Not found in standard / not defined in ontology),SKIP_LIST,0.0,0.0,[]
paper_sampo.ttl,electromagnetic_torque_tau_m,,0.0,SKIPPED_NOT_IN_STANDARD,Skipped (Not found in standard / not defined in ontology),SKIP_LIST,0.0,0.0,[]
paper_sampo.ttl,control_filter_bandwidth_beta,,0.0,SKIPPED_NOT_IN_STANDARD,Skipped (Not found in standard / not defined in ontology),SKIP_LIST,0.0,0.0,[]
paper_sampo.ttl,power_P,power_factor,0.5,HUMAN_REVIEW,"The variable 'power_P' most closely matches 'power_factor' based on the highest similarity score (0.5009). However, the match is not very strong, and the variable name 'power_P' could also refer to active power (P), which is not explicitly listed among the candidates. 'power_factor' is the best available match by score, but the confidence is moderate due to possible ambiguity in the variable's meaning.",LLM,0.500891923904419,0.003274381160736084,"[{""id"": ""power_factor"", ""sim"": 0.5009}, {""id"": ""output_power"", ""sim"": 0.4976}, {""id"": ""input_power"", ""sim"": 0.4971}, {""id"": ""power"", ""sim"": 0.4775}, {""id"": ""rated_output_power"", ""sim"": 0.477}]"
paper_sampo.ttl,frequency_f,frequency,0.45,HUMAN_REVIEW,"The OEM variable 'frequency_f' most closely matches the ontology candidate 'frequency' based on semantic similarity (sim: 0.4489508271217346) and the unit symbol (Hz), which is standard for frequency measurements. The domain (MotorRatedPoint) is also generic enough to likely encompass the OEM context. Other candidates either refer to related but distinct concepts (e.g., angular frequency, natural frequency, rotational frequency) or have lower similarity scores.",LLM,0.4633373022079468,0.014386475086212158,"[{""id"": ""angular_frequency"", ""sim"": 0.4633}, {""id"": ""frequency"", ""sim"": 0.449}, {""id"": ""naturalFrequency_Hz"", ""sim"": 0.433}, {""id"": ""rotational_frequency"", ""sim"": 0.4131}, {""id"": ""samplingRate_Hz"", ""sim"": 0.3349}]"
paper_sampo.ttl,pole_pairs_p,number_of_poles,0.529553234577179,ACCEPT,"Auto by margin (top_sim=0.530, margin=0.130)",AUTO_MARGIN,0.529553234577179,0.12950044870376587,"[{""id"": ""number_of_poles"", ""sim"": 0.5296}, {""id"": ""power_factor"", ""sim"": 0.4001}, {""id"": ""power"", ""sim"": 0.366}, {""id"": ""locked_rotor_torque"", ""sim"": 0.3575}, {""id"": ""breakdown_torque"", ""sim"": 0.3574}]"
paper_sampo.ttl,rated_voltage_U,rated_voltage,0.5718227624893188,ACCEPT,"Auto by margin (top_sim=0.572, margin=0.100)",AUTO_MARGIN,0.5718227624893188,0.09959059953689575,"[{""id"": ""rated_voltage"", ""sim"": 0.5718}, {""id"": ""rated_output_power"", ""sim"": 0.4722}, {""id"": ""rated_current"", ""sim"": 0.4706}, {""id"": ""output_power"", ""sim"": 0.4162}, {""id"": ""power"", ""sim"": 0.4158}]"
paper_sampo.ttl,rated_torque_tau_rated,ratedTorque_kNm,0.516,ACCEPT,"The OEM variable 'rated_torque_tau_rated' most closely matches the ontology property 'ratedTorque_kNm' based on both semantic similarity (sim = 0.516) and the alignment of the concept 'rated torque'. The other candidates either refer to different torque types (locked rotor, breakdown) or to power, which is not equivalent. The domain (Gearbox or Coupling) may differ, but the property itself is the best available match for the variable.",LLM,0.5161992907524109,0.001648545265197754,"[{""id"": ""ratedTorque_kNm"", ""sim"": 0.5162}, {""id"": ""ratedTorque_kNm"", ""sim"": 0.5146}, {""id"": ""locked_rotor_torque"", ""sim"": 0.502}, {""id"": ""breakdown_torque"", ""sim"": 0.5017}, {""id"": ""rated_output_power"", ""sim"": 0.4911}]"
paper_sampo.ttl,rotor_inertia_I_m,moment_of_inertia,0.51,ACCEPT,"The OEM variable 'rotor_inertia_I_m' refers to the inertia of the rotor, which aligns conceptually with the ontology property 'moment_of_inertia' (unit: kg*m^2, source: ISO 80000-4:2019). The similarity score is highest among candidates directly related to inertia, and the domain (MotorRatedPoint) is appropriate for rotor properties.",LLM,0.5205317735671997,0.0075800418853759766,"[{""id"": ""locked_rotor_torque"", ""sim"": 0.5205}, {""id"": ""moment_of_inertia"", ""sim"": 0.513}, {""id"": ""locked_rotor_current"", ""sim"": 0.5117}, {""id"": ""inertiaRatio_Ie_It"", ""sim"": 0.4854}, {""id"": ""breakdown_torque"", ""sim"": 0.4346}]"
paper_sampo.ttl,stator_resistance_R_s,resistance,0.49,HUMAN_REVIEW,"The OEM variable 'stator_resistance_R_s' refers to the electrical resistance of the stator winding in a motor. Among the candidates, 'resistance' is the most semantically relevant, as it is defined as a property of the MotorEquivalentCircuit with unit 'ohm', matching the physical meaning of stator resistance. The similarity score (0.49) is the highest among the candidates, supporting this mapping.",LLM,0.493784636259079,0.03901916742324829,"[{""id"": ""resistance"", ""sim"": 0.4938}, {""id"": ""locked_rotor_current"", ""sim"": 0.4548}, {""id"": ""locked_rotor_torque"", ""sim"": 0.4468}, {""id"": ""winding_temperature_rise_K"", ""sim"": 0.4356}, {""id"": ""copper_losses"", ""sim"": 0.4325}]"
paper_sampo.ttl,rotor_resistance_R_r,resistance,0.48,HUMAN_REVIEW,"The OEM variable 'rotor_resistance_R_r' refers specifically to the resistance of the rotor in a motor, which aligns most closely with the ontology candidate 'resistance'. This candidate is defined as a property within the MotorEquivalentCircuit domain, uses ohms as the unit, and is sourced from IEC Electropedia, matching the physical meaning of rotor resistance. The similarity score (0.48) is the highest among candidates that are semantically relevant, though it is not a perfect match since it is not explicitly scoped to the rotor.",LLM,0.510873556137085,0.008606433868408203,"[{""id"": ""locked_rotor_current"", ""sim"": 0.5109}, {""id"": ""locked_rotor_torque"", ""sim"": 0.5023}, {""id"": ""resistance"", ""sim"": 0.4804}, {""id"": ""winding_temperature_rise_K"", ""sim"": 0.4231}, {""id"": ""copper_losses"", ""sim"": 0.4217}]"
paper_sampo.ttl,stator_inductance_L_s,inductance,0.46,HUMAN_REVIEW,"The OEM variable 'stator_inductance_L_s' refers to the inductance property of the stator in a motor, which aligns with the ontology candidate 'inductance'. This candidate is defined for the MotorEquivalentCircuit domain, uses the correct unit (H for henry), and is sourced from IEC Electropedia. The similarity score is the highest among the candidates, and the other options do not refer to inductance or stator-specific properties.",LLM,0.459683895111084,0.014610379934310913,"[{""id"": ""inductance"", ""sim"": 0.4597}, {""id"": ""locked_rotor_current"", ""sim"": 0.4451}, {""id"": ""linked_flux"", ""sim"": 0.4364}, {""id"": ""locked_rotor_torque"", ""sim"": 0.435}, {""id"": ""magnetic_flux"", ""sim"": 0.4305}]"
paper_sampo.ttl,rotor_inductance_L_r,inductance,0.45,HUMAN_REVIEW,"The OEM variable 'rotor_inductance_L_r' refers to the inductance of the rotor, which aligns conceptually with the ontology candidate 'inductance'. Although the similarity score is not the highest among the candidates, 'inductance' is the only candidate that directly represents an electrical inductance property, and its domain (MotorEquivalentCircuit) is relevant to rotor parameters. The other candidates refer to current, torque, losses, or flux, which do not match the meaning of 'rotor_inductance_L_r'.",LLM,0.5260630249977112,0.01691615581512451,"[{""id"": ""locked_rotor_current"", ""sim"": 0.5261}, {""id"": ""locked_rotor_torque"", ""sim"": 0.5091}, {""id"": ""inductance"", ""sim"": 0.4463}, {""id"": ""copper_losses"", ""sim"": 0.4241}, {""id"": ""linked_flux"", ""sim"": 0.4227}]"
paper_sampo.ttl,magnetizing_inductance_L_m,inductance,0.46,HUMAN_REVIEW,"The OEM variable 'magnetizing_inductance_L_m' refers to an inductance parameter, specifically the magnetizing inductance in a motor equivalent circuit. Among the candidates, 'inductance' is the closest match by both semantic similarity and technical meaning, as it represents an inductance property with the correct unit (H) and is defined in the context of a MotorEquivalentCircuit. The other candidates refer to different physical quantities or properties.",LLM,0.4569424092769623,0.007498651742935181,"[{""id"": ""inductance"", ""sim"": 0.4569}, {""id"": ""magnetic_flux"", ""sim"": 0.4494}, {""id"": ""linked_flux"", ""sim"": 0.423}, {""id"": ""locked_rotor_current"", ""sim"": 0.3895}, {""id"": ""copper_losses"", ""sim"": 0.3767}]"
paper_sampo.ttl,stator_voltage_d_u_sd,rated_voltage,0.47,HUMAN_REVIEW,"The OEM variable 'stator_voltage_d_u_sd' refers to a voltage measurement related to the stator, likely the d-axis component in a synchronous reference frame. Among the candidates, 'rated_voltage' is the closest match as it represents a voltage property associated with a motor, and the similarity score is the highest among the options. The other candidates refer to current, torque, or flux, which are not directly related to voltage.",LLM,0.46844345331192017,0.0384368896484375,"[{""id"": ""rated_voltage"", ""sim"": 0.4684}, {""id"": ""locked_rotor_current"", ""sim"": 0.43}, {""id"": ""locked_rotor_torque"", ""sim"": 0.4272}, {""id"": ""breakdown_torque"", ""sim"": 0.4098}, {""id"": ""linked_flux"", ""sim"": 0.4026}]"
paper_sampo.ttl,stator_voltage_q_u_sq,rated_voltage,0.45,HUMAN_REVIEW,"The OEM variable 'stator_voltage_q_u_sq' most closely matches the ontology property 'rated_voltage' based on the similarity score and the context of voltage measurement. Although the OEM variable appears to refer to the q-axis component of the stator voltage (possibly squared), 'rated_voltage' is the closest available ontology property related to stator voltage. No candidate directly references the q-axis or squared value, but 'rated_voltage' is the most semantically relevant.",LLM,0.45003193616867065,0.02425554394721985,"[{""id"": ""rated_voltage"", ""sim"": 0.45}, {""id"": ""locked_rotor_torque"", ""sim"": 0.4258}, {""id"": ""linked_flux"", ""sim"": 0.4201}, {""id"": ""locked_rotor_current"", ""sim"": 0.419}, {""id"": ""breakdown_torque"", ""sim"": 0.4061}]"
paper_sampo.ttl,stator_current_d_i_sd,locked_rotor_current,0.49,HUMAN_REVIEW,"The variable 'stator_current_d_i_sd' most closely matches 'locked_rotor_current' based on the highest similarity score among the candidates. Both refer to current in the stator, and while 'locked_rotor_current' specifically refers to the current under locked rotor conditions, it is the closest available ontology property to represent a stator current variable. No candidate directly represents the d-axis stator current, but 'locked_rotor_current' is the most relevant among the options.",LLM,0.4924086928367615,0.0422900915145874,"[{""id"": ""locked_rotor_current"", ""sim"": 0.4924}, {""id"": ""rated_current"", ""sim"": 0.4501}, {""id"": ""locked_rotor_torque"", ""sim"": 0.4485}, {""id"": ""breakdown_torque"", ""sim"": 0.4299}, {""id"": ""linked_flux"", ""sim"": 0.4203}]"
paper_sampo.ttl,stator_current_q_i_sq,locked_rotor_current,0.47,HUMAN_REVIEW,"The variable 'stator_current_q_i_sq' appears to relate to a current measurement in the stator, likely in the q-axis (quadrature axis) of a motor control model. Among the candidates, 'locked_rotor_current' has the highest similarity score (0.47) and is also a current-related property in the ontology. While not an exact match, it is the closest available candidate based on both semantic similarity and domain relevance.",LLM,0.470997154712677,0.03244084119796753,"[{""id"": ""locked_rotor_current"", ""sim"": 0.471}, {""id"": ""locked_rotor_torque"", ""sim"": 0.4386}, {""id"": ""rated_current"", ""sim"": 0.4346}, {""id"": ""linked_flux"", ""sim"": 0.4233}, {""id"": ""breakdown_torque"", ""sim"": 0.4171}]"
paper_sampo.ttl,stator_flux_linkage_psi_s,magnetic_flux,0.48,HUMAN_REVIEW,"The OEM variable 'stator_flux_linkage_psi_s' refers to the magnetic flux linkage in the stator, which is most closely represented by the ontology property 'magnetic_flux' (unit: Wb). This candidate has the highest similarity score among the options and matches the physical meaning of the variable.",LLM,0.48076897859573364,0.004561185836791992,"[{""id"": ""magnetic_flux"", ""sim"": 0.4808}, {""id"": ""linked_flux"", ""sim"": 0.4762}, {""id"": ""locked_rotor_torque"", ""sim"": 0.4314}, {""id"": ""locked_rotor_current"", ""sim"": 0.4199}, {""id"": ""breakdown_torque"", ""sim"": 0.4059}]"
paper_sampo.ttl,rotor_flux_linkage_psi_r,magnetic_flux,0.48,HUMAN_REVIEW,"The OEM variable 'rotor_flux_linkage_psi_r' refers to the magnetic flux linkage of the rotor, which is conceptually closest to 'magnetic_flux' in the ontology. Both relate to the magnetic flux in the motor, and the unit (Wb) matches the typical unit for flux linkage. Although the similarity score is moderate, it is the highest among the candidates that are conceptually relevant.",LLM,0.5090005993843079,0.0031948089599609375,"[{""id"": ""locked_rotor_torque"", ""sim"": 0.509}, {""id"": ""locked_rotor_current"", ""sim"": 0.5058}, {""id"": ""magnetic_flux"", ""sim"": 0.484}, {""id"": ""linked_flux"", ""sim"": 0.4788}, {""id"": ""slip_ratio"", ""sim"": 0.4209}]"
paper_sampo.ttl,stator_angular_speed_omega_s,,0.42890533804893494,HUMAN_REVIEW,Low similarity (top_sim=0.429 < MIN_SIM=0.45),LOW_SIM,0.42890533804893494,0.00042816996574401855,"[{""id"": ""locked_rotor_torque"", ""sim"": 0.4289}, {""id"": ""locked_rotor_current"", ""sim"": 0.4285}, {""id"": ""minimum_air_speed"", ""sim"": 0.4182}, {""id"": ""angular_frequency"", ""sim"": 0.4166}, {""id"": ""rotational_frequency"", ""sim"": 0.4071}]"
paper_sampo.ttl,rotor_angular_speed_omega_m,angular_frequency,0.95,ACCEPT,"The OEM variable 'rotor_angular_speed_omega_m' refers to the angular speed of the rotor, typically measured in radians per second (rad/s). Among the candidates, 'angular_frequency' is defined as a property with unitSymbol 'rad/s', matching both the physical meaning and units of the OEM variable. The other candidates refer to current, torque, or rotational frequency in rpm or rev/s, which do not directly correspond to angular speed in rad/s. Therefore, 'angular_frequency' is the best match.",LLM,0.4706728458404541,0.004126310348510742,"[{""id"": ""locked_rotor_current"", ""sim"": 0.4707}, {""id"": ""locked_rotor_torque"", ""sim"": 0.4665}, {""id"": ""rotational_frequency"", ""sim"": 0.4395}, {""id"": ""mcrRpm_revPerSec"", ""sim"": 0.4385}, {""id"": ""angular_frequency"", ""sim"": 0.4059}]"
paper_sampo.ttl,slip_angular_speed_omega_r,slip_ratio,0.47963592410087585,HUMAN_REVIEW,"Auto by margin (top_sim=0.480, margin=0.074)",AUTO_MARGIN,0.47963592410087585,0.07378458976745605,"[{""id"": ""slip_ratio"", ""sim"": 0.4796}, {""id"": ""mcrRpm_revPerSec"", ""sim"": 0.4059}, {""id"": ""angular_frequency"", ""sim"": 0.4045}, {""id"": ""rotational_frequency"", ""sim"": 0.3953}, {""id"": ""locked_rotor_torque"", ""sim"": 0.378}]"
paper_sampo.ttl,mechanical_speed_omega_M,rotational_frequency,0.85,ACCEPT,"The variable 'mechanical_speed_omega_M' from the OEM dataset refers to the mechanical rotational speed of a motor, typically measured in rpm or a similar unit. Among the candidates, 'rotational_frequency' is defined as a property with unitSymbol: rpm and is associated with motors, making it the most semantically aligned match. The other candidates either refer to air speed, torque, or are specific to other components (e.g., propeller, prime mover), which are less relevant to the mechanical speed of a motor.",LLM,0.460388720035553,0.004405081272125244,"[{""id"": ""minimum_air_speed"", ""sim"": 0.4604}, {""id"": ""mcrRpm_revPerSec"", ""sim"": 0.456}, {""id"": ""rotational_frequency"", ""sim"": 0.4288}, {""id"": ""locked_rotor_torque"", ""sim"": 0.4199}, {""id"": ""n_bollard_rpm"", ""sim"": 0.4186}]"
paper_sampo.ttl,stator_voltage_reference_u_s_ref,rated_voltage,0.4611,HUMAN_REVIEW,"The OEM variable 'stator_voltage_reference_u_s_ref' refers to a voltage reference for the stator, which closely aligns with the ontology candidate 'rated_voltage' (similarity score: 0.4611). Both pertain to voltage values relevant to motor operation, and 'rated_voltage' is defined as a property with unit symbol V, matching the expected unit for a stator voltage reference. Other candidates relate to current, torque, or flux, which are less relevant to the voltage reference context.",LLM,0.4611009359359741,0.03700309991836548,"[{""id"": ""rated_voltage"", ""sim"": 0.4611}, {""id"": ""locked_rotor_current"", ""sim"": 0.4241}, {""id"": ""locked_rotor_torque"", ""sim"": 0.4198}, {""id"": ""linked_flux"", ""sim"": 0.4011}, {""id"": ""breakdown_torque"", ""sim"": 0.3937}]"
weg_w22.ttl,Output_HP,,0.0,SKIPPED_NOT_IN_STANDARD,Skipped (Not found in standard / not defined in ontology),SKIP_LIST,0.0,0.0,[]
weg_w22.ttl,allowable_locked_rotor_time_hot_s,,0.0,SKIPPED_NOT_IN_STANDARD,Skipped (Not found in standard / not defined in ontology),SKIP_LIST,0.0,0.0,[]
weg_w22.ttl,allowable_locked_rotor_time_cold_s,,0.0,SKIPPED_NOT_IN_STANDARD,Skipped (Not found in standard / not defined in ontology),SKIP_LIST,0.0,0.0,[]
weg_w22.ttl,efficiency_50,,0.0,SKIPPED_NOT_IN_STANDARD,Skipped (Not found in standard / not defined in ontology),SKIP_LIST,0.0,0.0,[]
weg_w22.ttl,efficiency_75,,0.0,SKIPPED_NOT_IN_STANDARD,Skipped (Not found in standard / not defined in ontology),SKIP_LIST,0.0,0.0,[]
weg_w22.ttl,efficiency_100,,0.0,SKIPPED_NOT_IN_STANDARD,Skipped (Not found in standard / not defined in ontology),SKIP_LIST,0.0,0.0,[]
weg_w22.ttl,power_factor_50,,0.0,SKIPPED_NOT_IN_STANDARD,Skipped (Not found in standard / not defined in ontology),SKIP_LIST,0.0,0.0,[]
weg_w22.ttl,power_factor_75,,0.0,SKIPPED_NOT_IN_STANDARD,Skipped (Not found in standard / not defined in ontology),SKIP_LIST,0.0,0.0,[]
weg_w22.ttl,power_factor_100,,0.0,SKIPPED_NOT_IN_STANDARD,Skipped (Not found in standard / not defined in ontology),SKIP_LIST,0.0,0.0,[]
weg_w22.ttl,Output_kW,rated_output_power,0.55,ACCEPT,"The OEM variable 'Output_kW' most closely matches the ontology candidate 'rated_output_power' based on the highest similarity score (0.552). Both refer to output power in kilowatts (kW), and the ontology property explicitly uses kW as the unit symbol and is sourced from a relevant IEC standard. Other candidates either have lower similarity scores or use different units (W), or refer to input power or losses, which do not match the intended meaning of 'Output_kW'.",LLM,0.5524781346321106,0.038175761699676514,"[{""id"": ""rated_output_power"", ""sim"": 0.5525}, {""id"": ""output_power"", ""sim"": 0.5143}, {""id"": ""input_power"", ""sim"": 0.4642}, {""id"": ""mcrPower_kW"", ""sim"": 0.4642}, {""id"": ""copper_losses"", ""sim"": 0.4412}]"
weg_w22.ttl,full_load_torque_n_m,torque,0.49,HUMAN_REVIEW,"The OEM variable 'full_load_torque_n_m' refers to the torque at full load, measured in Newton-meters (Nm). Among the candidates, 'torque' has a matching unit (Nm) and is defined as a property for MotorRatedPoint, which aligns with full load conditions. Although its similarity score is slightly lower than 'qEmax_kNm', 'qEmax_kNm' is for maximum torque in kNm, not specifically full load torque in Nm. Therefore, 'torque' is the most appropriate mapping.",LLM,0.5006575584411621,0.006080448627471924,"[{""id"": ""qEmax_kNm"", ""sim"": 0.5007}, {""id"": ""breakdown_torque"", ""sim"": 0.4946}, {""id"": ""torque"", ""sim"": 0.4853}, {""id"": ""locked_rotor_torque"", ""sim"": 0.4711}, {""id"": ""Qsmax_kNm"", ""sim"": 0.4566}]"
weg_w22.ttl,locked_rotor_current_In,locked_rotor_current,0.64,ACCEPT,"The OEM variable 'locked_rotor_current_In' closely matches the ontology candidate 'locked_rotor_current' based on both the semantic similarity score (0.64, the highest among candidates) and the descriptive alignment: both refer to the current drawn by a motor under locked rotor conditions. The other candidates either refer to different physical quantities (torque, voltage) or to current under different operating conditions (rated current).",LLM,0.6389447450637817,0.050290465354919434,"[{""id"": ""locked_rotor_current"", ""sim"": 0.6389}, {""id"": ""locked_rotor_torque"", ""sim"": 0.5887}, {""id"": ""rated_current"", ""sim"": 0.4337}, {""id"": ""breakdown_torque"", ""sim"": 0.4334}, {""id"": ""rated_voltage"", ""sim"": 0.4006}]"
weg_w22.ttl,locked_rotor_torque_Tl_Tn,locked_rotor_torque,0.61,ACCEPT,"The OEM variable 'locked_rotor_torque_Tl_Tn' most closely matches the ontology property 'locked_rotor_torque' based on both semantic similarity (sim=0.61, highest among candidates) and the description, which refers to the locked rotor torque as per IEC 60034-1:2022. Both the variable and the ontology property pertain to the torque produced by a motor when the rotor is locked, typically expressed in per unit (pu) values.",LLM,0.6109237670898438,0.04175233840942383,"[{""id"": ""locked_rotor_torque"", ""sim"": 0.6109}, {""id"": ""locked_rotor_current"", ""sim"": 0.5692}, {""id"": ""breakdown_torque"", ""sim"": 0.4742}, {""id"": ""Qsmax_kNm"", ""sim"": 0.4331}, {""id"": ""qEmax_kNm"", ""sim"": 0.4247}]"
weg_w22.ttl,breakdown_torque_Tb_Tn,breakdown_torque,0.5764814019203186,ACCEPT,"Auto by margin (top_sim=0.576, margin=0.107)",AUTO_MARGIN,0.5764814019203186,0.10664615035057068,"[{""id"": ""breakdown_torque"", ""sim"": 0.5765}, {""id"": ""locked_rotor_torque"", ""sim"": 0.4698}, {""id"": ""torque"", ""sim"": 0.4595}, {""id"": ""ratedTorque_kNm"", ""sim"": 0.4571}, {""id"": ""qEmax_kNm"", ""sim"": 0.4559}]"
weg_w22.ttl,inertia_J_kgm2,moment_of_inertia,0.5,HUMAN_REVIEW,"The OEM variable 'inertia_J_kgm2' refers to the moment of inertia, typically measured in kgm. Among the candidates, 'moment_of_inertia' has the highest similarity score (0.50), matches the unit (kgm), and its description aligns with the physical meaning of the variable. Other candidates either have lower similarity scores or do not match the concept as closely.",LLM,0.5038052201271057,0.04412299394607544,"[{""id"": ""moment_of_inertia"", ""sim"": 0.5038}, {""id"": ""inertiaRatio_Ie_It"", ""sim"": 0.4597}, {""id"": ""addedMass_kg"", ""sim"": 0.4146}, {""id"": ""mass"", ""sim"": 0.4104}, {""id"": ""torsionalStiffness_kNmPerRad"", ""sim"": 0.4084}]"
weg_w22.ttl,Weight_kg,,0.421511173248291,HUMAN_REVIEW,Low similarity (top_sim=0.422 < MIN_SIM=0.45),LOW_SIM,0.421511173248291,0.027941524982452393,"[{""id"": ""mass"", ""sim"": 0.4215}, {""id"": ""addedMass_kg"", ""sim"": 0.3936}, {""id"": ""rated_output_power"", ""sim"": 0.3448}, {""id"": ""Qr_kNm"", ""sim"": 0.3442}, {""id"": ""Tr_kN"", ""sim"": 0.3389}]"
weg_w22.ttl,Sound_dBA,sound_power_level_A_weighted_dB,0.5699619054794312,ACCEPT,"Auto by margin (top_sim=0.570, margin=0.202)",AUTO_MARGIN,0.5699619054794312,0.2018967866897583,"[{""id"": ""sound_power_level_A_weighted_dB"", ""sim"": 0.57}, {""id"": ""rated_output_power"", ""sim"": 0.3681}, {""id"": ""frequency"", ""sim"": 0.3677}, {""id"": ""samplingRate_Hz"", ""sim"": 0.3578}, {""id"": ""naturalFrequency_Hz"", ""sim"": 0.3488}]"
weg_w22.ttl,rated_speed_rpm,rotational_frequency,0.85,ACCEPT,"The OEM variable 'rated_speed_rpm' refers to the rated rotational speed in revolutions per minute (rpm). Among the candidates, 'rotational_frequency' is explicitly defined with the unit 'rpm' and is associated with 'MotorRatedPoint', which aligns with typical OEM datasets for motors or rotating equipment. The other candidates either refer to different units (e.g., rev/s), different domains (e.g., Propeller, PrimeMover), or different physical quantities (e.g., voltage, power). Therefore, 'rotational_frequency' is the most semantically and contextually appropriate match.",LLM,0.5248532295227051,0.004927158355712891,"[{""id"": ""nn_rpm"", ""sim"": 0.5249}, {""id"": ""mcrRpm_revPerSec"", ""sim"": 0.5199}, {""id"": ""rated_voltage"", ""sim"": 0.5152}, {""id"": ""rotational_frequency"", ""sim"": 0.5131}, {""id"": ""rated_output_power"", ""sim"": 0.5096}]"
weg_w22.ttl,full_load_current_A,,0.41721659898757935,HUMAN_REVIEW,Low similarity (top_sim=0.417 < MIN_SIM=0.45),LOW_SIM,0.41721659898757935,0.0004755258560180664,"[{""id"": ""locked_rotor_current"", ""sim"": 0.4172}, {""id"": ""rated_current"", ""sim"": 0.4167}, {""id"": ""power_factor"", ""sim"": 0.3861}, {""id"": ""prop:PropellerLoadSet1"", ""sim"": 0.3847}, {""id"": ""linked_flux"", ""sim"": 0.3837}]"
weg_w22.ttl,motor_rated_voltage_V,rated_voltage,0.6019080877304077,ACCEPT,"Auto by margin (top_sim=0.602, margin=0.105)",AUTO_MARGIN,0.6019080877304077,0.10518380999565125,"[{""id"": ""rated_voltage"", ""sim"": 0.6019}, {""id"": ""rated_output_power"", ""sim"": 0.4967}, {""id"": ""rated_current"", ""sim"": 0.4917}, {""id"": ""power"", ""sim"": 0.4678}, {""id"": ""locked_rotor_current"", ""sim"": 0.4649}]"
weg_w22.ttl,frequency,frequency,0.95,ACCEPT,"The OEM variable 'frequency' most closely matches the ontology candidate with id 'frequency', which also refers to frequency (unit: Hz) and is sourced from a relevant IEC standard. The similarity score is high and the domain (MotorRatedPoint) is appropriate for typical OEM datasets involving motors or electrical systems. Other candidates refer to more specific or different types of frequency (e.g., angular, natural, rotational, or sampling rate), making 'frequency' the most direct and semantically correct mapping.",LLM,0.488754004240036,0.01661476492881775,"[{""id"": ""angular_frequency"", ""sim"": 0.4888}, {""id"": ""frequency"", ""sim"": 0.4721}, {""id"": ""naturalFrequency_Hz"", ""sim"": 0.456}, {""id"": ""rotational_frequency"", ""sim"": 0.4425}, {""id"": ""samplingRate_Hz"", ""sim"": 0.3674}]"
weg_w22.ttl,poles,number_of_poles,0.5132922530174255,ACCEPT,"Auto by margin (top_sim=0.513, margin=0.180)",AUTO_MARGIN,0.5132922530174255,0.17963498830795288,"[{""id"": ""number_of_poles"", ""sim"": 0.5133}, {""id"": ""power_factor"", ""sim"": 0.3337}, {""id"": ""power"", ""sim"": 0.3136}, {""id"": ""breakdown_torque"", ""sim"": 0.3122}, {""id"": ""n_bollard_rpm"", ""sim"": 0.3119}]"
weg_w22.ttl,total_power_rated,rated_output_power,0.54,ACCEPT,"The OEM variable 'total_power_rated' most closely matches the ontology property 'rated_output_power' based on both semantic similarity (highest sim score of 0.5388) and the alignment of meaning: both refer to the rated (maximum or nominal) output power, typically in kW, as specified in standards like IEC 60034-1:2022. Other candidates refer to more general or different power concepts (e.g., input power, power factor) or use different units.",LLM,0.53876793384552,0.019887447357177734,"[{""id"": ""rated_output_power"", ""sim"": 0.5388}, {""id"": ""output_power"", ""sim"": 0.5189}, {""id"": ""input_power"", ""sim"": 0.5069}, {""id"": ""power"", ""sim"": 0.4966}, {""id"": ""power_factor"", ""sim"": 0.4888}]"
weg_w22.ttl,slip,slip_ratio,0.548173189163208,ACCEPT,"Auto by margin (top_sim=0.548, margin=0.205)",AUTO_MARGIN,0.548173189163208,0.20499396324157715,"[{""id"": ""slip_ratio"", ""sim"": 0.5482}, {""id"": ""dampingCoeff"", ""sim"": 0.3432}, {""id"": ""SNcurveType"", ""sim"": 0.3422}, {""id"": ""linked_flux"", ""sim"": 0.3418}, {""id"": ""Qsex_kNm"", ""sim"": 0.3391}]"
