file,original_name,best_match,confidence,status,reason,method,top_sim,margin,top_candidates
abb_gen.ttl,Output_kW,rated_output_power,0.55,ACCEPT,"The OEM variable 'Output_kW' most closely matches the ontology candidate 'rated_output_power' based on the highest similarity score (0.552). Both refer to output power in kilowatts (kW), and the ontology property explicitly uses the unit kW and is sourced from a relevant IEC standard for motor rated points.",LLM,0.5524781346321106,0.0381757616996765,"[{""id"": ""rated_output_power"", ""sim"": 0.5525}, {""id"": ""output_power"", ""sim"": 0.5143}, {""id"": ""input_power"", ""sim"": 0.4642}, {""id"": ""mcrPower_kW"", ""sim"": 0.4642}, {""id"": ""copper_losses"", ""sim"": 0.4412}]"
abb_gen.ttl,Motor_type,,0.0,NO_MATCH,"None of the candidate ontology properties directly represent or describe the 'Motor_type' variable. The candidates pertain to quantitative or structural properties (mass, frame size, rated voltage, locked rotor torque, number of poles), while 'Motor_type' refers to a categorical classification (e.g., induction, synchronous, etc.). Therefore, no suitable mapping is available among the provided candidates.",LLM,0.4514735639095306,0.0052648484706878,"[{""id"": ""mass"", ""sim"": 0.4515}, {""id"": ""frame_size"", ""sim"": 0.4462}, {""id"": ""rated_voltage"", ""sim"": 0.4437}, {""id"": ""locked_rotor_torque"", ""sim"": 0.443}, {""id"": ""number_of_poles"", ""sim"": 0.4416}]"
abb_gen.ttl,Speed_r_min,minimum_air_speed,0.51,ACCEPT,"The OEM variable 'Speed_r_min' likely refers to a minimum speed value, and among the candidates, 'minimum_air_speed' has the highest similarity score (0.51). Although the unit is 'm_per_s' and the domain is 'ElectricMotor', which may not perfectly match the OEM context, it is the closest semantic and lexical match available. Other candidates refer to rotational speed (rpm or rev/s) or rudder speed minima, which are less directly related to the variable name and intent.",LLM,0.5065497159957886,0.0409102439880371,"[{""id"": ""minimum_air_speed"", ""sim"": 0.5065}, {""id"": ""mcrRpm_revPerSec"", ""sim"": 0.4656}, {""id"": ""reg:CI_RudderSpeedMinima"", ""sim"": 0.4628}, {""id"": ""shape:rudderSpeedMinima"", ""sim"": 0.4569}, {""id"": ""nn_rpm"", ""sim"": 0.4371}]"
abb_gen.ttl,Efficiency_full_load,efficiency_class_ie,0.46,HUMAN_REVIEW,"The OEM variable 'Efficiency_full_load' refers to the efficiency of a device at full load. Among the candidates, 'efficiency_class_ie' and 'efficiency' are most relevant. 'efficiency_class_ie' is associated with the MotorRatedPoint domain, which is likely to include full load conditions, and its similarity score is marginally higher than 'efficiency'. Therefore, 'efficiency_class_ie' is selected as the best match, though the confidence is moderate due to the close similarity scores and lack of explicit mention of 'full load' in the ontology candidates.",LLM,0.4563223421573639,0.0002496242523193,"[{""id"": ""efficiency_class_ie"", ""sim"": 0.4563}, {""id"": ""efficiency"", ""sim"": 0.4561}, {""id"": ""power_factor"", ""sim"": 0.4248}, {""id"": ""copper_losses"", ""sim"": 0.4118}, {""id"": ""rated_output_power"", ""sim"": 0.4075}]"
abb_gen.ttl,cos_phi,,0.3043784499168396,NO_MATCH,Low similarity (top_sim=0.304 < MIN_SIM=0.45),LOW_SIM,0.3043784499168396,0.0030715465545654,"[{""id"": ""power_factor"", ""sim"": 0.3044}, {""id"": ""angular_frequency"", ""sim"": 0.3013}, {""id"": ""slip_ratio"", ""sim"": 0.3009}, {""id"": ""copper_losses"", ""sim"": 0.286}, {""id"": ""hull:HullParams1"", ""sim"": 0.2848}]"
abb_gen.ttl,current_I_N_A,,0.3307515680789947,NO_MATCH,Low similarity (top_sim=0.331 < MIN_SIM=0.45),LOW_SIM,0.3307515680789947,0.0005379617214202,"[{""id"": ""locked_rotor_current"", ""sim"": 0.3308}, {""id"": ""rated_current"", ""sim"": 0.3302}, {""id"": ""inertiaRatio_Ie_It"", ""sim"": 0.3019}, {""id"": ""resistance"", ""sim"": 0.3007}, {""id"": ""input_power"", ""sim"": 0.2872}]"
abb_gen.ttl,rated_torque_Nm,ratedTorque_kNm,0.56,ACCEPT,"The OEM variable 'rated_torque_Nm' refers to the rated torque, and the ontology candidate 'ratedTorque_kNm' (with the highest similarity score of 0.556) represents rated torque as well, though in kNm. The semantic meaning aligns closely, and the only difference is the unit, which can be converted. Other candidates either refer to general torque, breakdown torque, or maximum torque, which are not exact matches for 'rated torque'.",LLM,0.5561115741729736,0.0191006660461425,"[{""id"": ""ratedTorque_kNm"", ""sim"": 0.5561}, {""id"": ""ratedTorque_kNm"", ""sim"": 0.537}, {""id"": ""torque"", ""sim"": 0.5247}, {""id"": ""breakdown_torque"", ""sim"": 0.4999}, {""id"": ""qEmax_kNm"", ""sim"": 0.4943}]"
abb_gen.ttl,J_kgm2,,0.4238965809345245,HUMAN_REVIEW,Low similarity (top_sim=0.424 < MIN_SIM=0.45),LOW_SIM,0.4238965809345245,0.0212503373622894,"[{""id"": ""mass"", ""sim"": 0.4239}, {""id"": ""charpyV_J"", ""sim"": 0.4026}, {""id"": ""locked_rotor_torque"", ""sim"": 0.3949}, {""id"": ""addedMass_kg"", ""sim"": 0.3922}, {""id"": ""Qr_kNm"", ""sim"": 0.3915}]"
abb_gen.ttl,Weight_kg,,0.421511173248291,HUMAN_REVIEW,Low similarity (top_sim=0.422 < MIN_SIM=0.45),LOW_SIM,0.421511173248291,0.0279415249824523,"[{""id"": ""mass"", ""sim"": 0.4215}, {""id"": ""addedMass_kg"", ""sim"": 0.3936}, {""id"": ""rated_output_power"", ""sim"": 0.3448}, {""id"": ""Qr_kNm"", ""sim"": 0.3442}, {""id"": ""Tr_kN"", ""sim"": 0.3389}]"
bmd_series.ttl,poles_2p,number_of_poles,0.4928776919841766,HUMAN_REVIEW,"Auto by margin (top_sim=0.493, margin=0.161)",AUTO_MARGIN,0.4928776919841766,0.1609892845153808,"[{""id"": ""number_of_poles"", ""sim"": 0.4929}, {""id"": ""power_factor"", ""sim"": 0.3319}, {""id"": ""power"", ""sim"": 0.3142}, {""id"": ""locked_rotor_torque"", ""sim"": 0.31}, {""id"": ""P0_7_m"", ""sim"": 0.3069}]"
bmd_series.ttl,winding_temperature_rise_dT,winding_temperature_rise_K,0.5766267776489258,ACCEPT,"Auto by margin (top_sim=0.577, margin=0.163)",AUTO_MARGIN,0.5766267776489258,0.1633160710334777,"[{""id"": ""winding_temperature_rise_K"", ""sim"": 0.5766}, {""id"": ""insulation_thermal_class"", ""sim"": 0.4133}, {""id"": ""locked_rotor_torque"", ""sim"": 0.4017}, {""id"": ""copper_losses"", ""sim"": 0.4006}, {""id"": ""locked_rotor_current"", ""sim"": 0.3981}]"
bmd_series.ttl,rated_frequency_fn,,0.4420402646064758,HUMAN_REVIEW,Low similarity (top_sim=0.442 < MIN_SIM=0.45),LOW_SIM,0.4420402646064758,0.0088795721530914,"[{""id"": ""angular_frequency"", ""sim"": 0.442}, {""id"": ""frequency"", ""sim"": 0.4332}, {""id"": ""rotational_frequency"", ""sim"": 0.4079}, {""id"": ""rated_voltage"", ""sim"": 0.3853}, {""id"": ""naturalFrequency_Hz"", ""sim"": 0.3754}]"
bmd_series.ttl,temperature_adjustment_factor_fT,,0.3863678872585296,NO_MATCH,Low similarity (top_sim=0.386 < MIN_SIM=0.45),LOW_SIM,0.3863678872585296,0.0290029942989349,"[{""id"": ""winding_temperature_rise_K"", ""sim"": 0.3864}, {""id"": ""testTemperature_degC"", ""sim"": 0.3574}, {""id"": ""power_factor"", ""sim"": 0.352}, {""id"": ""safetyFactorFatigue"", ""sim"": 0.3254}, {""id"": ""safetyFactorExtremeYield"", ""sim"": 0.3241}]"
bmd_series.ttl,stall_rms_current_I0,,0.4297233819961548,HUMAN_REVIEW,Low similarity (top_sim=0.430 < MIN_SIM=0.45),LOW_SIM,0.4297233819961548,0.030543565750122,"[{""id"": ""locked_rotor_current"", ""sim"": 0.4297}, {""id"": ""locked_rotor_torque"", ""sim"": 0.3992}, {""id"": ""rated_current"", ""sim"": 0.3957}, {""id"": ""breakdown_torque"", ""sim"": 0.3771}, {""id"": ""rated_output_power"", ""sim"": 0.3652}]"
bmd_series.ttl,brake_dc_current_Ib,,0.4392167925834656,HUMAN_REVIEW,Low similarity (top_sim=0.439 < MIN_SIM=0.45),LOW_SIM,0.4392167925834656,3.960728645324707e-05,"[{""id"": ""breakdown_torque"", ""sim"": 0.4392}, {""id"": ""locked_rotor_current"", ""sim"": 0.4392}, {""id"": ""rated_current"", ""sim"": 0.4182}, {""id"": ""comp:ShaftBrakes1"", ""sim"": 0.4119}, {""id"": ""linked_flux"", ""sim"": 0.4076}]"
bmd_series.ttl,max_rms_current_Imax,,0.4268911182880401,HUMAN_REVIEW,Low similarity (top_sim=0.427 < MIN_SIM=0.45),LOW_SIM,0.4268911182880401,0.0089492499828338,"[{""id"": ""locked_rotor_current"", ""sim"": 0.4269}, {""id"": ""rated_current"", ""sim"": 0.4179}, {""id"": ""qEmax_kNm"", ""sim"": 0.4022}, {""id"": ""rated_output_power"", ""sim"": 0.3824}, {""id"": ""locked_rotor_torque"", ""sim"": 0.3789}]"
bmd_series.ttl,rated_rms_current_In,rated_current,0.55,ACCEPT,"The OEM variable 'rated_rms_current_In' refers to the rated RMS current of a motor, which aligns with the ontology candidate 'rated_current'. Both refer to the nominal or rated current, and the unit (A) matches. The similarity score is the highest among the candidates, supporting this mapping.",LLM,0.5509986877441406,0.0445544719696044,"[{""id"": ""rated_current"", ""sim"": 0.551}, {""id"": ""rated_voltage"", ""sim"": 0.5064}, {""id"": ""rated_output_power"", ""sim"": 0.5049}, {""id"": ""locked_rotor_current"", ""sim"": 0.4819}, {""id"": ""input_power"", ""sim"": 0.4606}]"
bmd_series.ttl,brake_moment_of_inertia_Jb,moment_of_inertia,0.4979515671730041,HUMAN_REVIEW,"Auto by margin (top_sim=0.498, margin=0.071)",AUTO_MARGIN,0.4979515671730041,0.070770263671875,"[{""id"": ""moment_of_inertia"", ""sim"": 0.498}, {""id"": ""comp:ShaftBrakes1"", ""sim"": 0.4272}, {""id"": ""breakdown_torque"", ""sim"": 0.419}, {""id"": ""comp:TorsionalVibrationDamper1"", ""sim"": 0.4137}, {""id"": ""charpyV_J"", ""sim"": 0.4096}]"
bmd_series.ttl,motor_moment_of_inertia_JM,moment_of_inertia,0.5221507549285889,ACCEPT,"Auto by margin (top_sim=0.522, margin=0.075)",AUTO_MARGIN,0.5221507549285889,0.0749351680278778,"[{""id"": ""moment_of_inertia"", ""sim"": 0.5222}, {""id"": ""mass"", ""sim"": 0.4472}, {""id"": ""locked_rotor_torque"", ""sim"": 0.4348}, {""id"": ""torque"", ""sim"": 0.4258}, {""id"": ""locked_rotor_current"", ""sim"": 0.4205}]"
bmd_series.ttl,back_emf_constant_Ke,linked_flux,0.46,HUMAN_REVIEW,"The variable 'back_emf_constant_Ke' refers to the back electromotive force constant, which is related to the relationship between the induced voltage and the speed of the motor, and is typically proportional to the magnetic flux linkage. Among the candidates, 'linked_flux' (unit: Wb) is the closest match conceptually, as it represents the flux linkage in the motor equivalent circuit, which is directly related to the back EMF constant. The similarity score is the highest among the candidates, but still moderate, indicating a partial but not perfect match.",LLM,0.4577051401138305,0.0143370032310485,"[{""id"": ""linked_flux"", ""sim"": 0.4577}, {""id"": ""magnetic_flux"", ""sim"": 0.4434}, {""id"": ""breakdown_torque"", ""sim"": 0.4381}, {""id"": ""locked_rotor_torque"", ""sim"": 0.4325}, {""id"": ""locked_rotor_current"", ""sim"": 0.4259}]"
bmd_series.ttl,torque_constant_KT,locked_rotor_torque,0.45,HUMAN_REVIEW,"The variable 'torque_constant_KT' refers to a torque-related constant, likely associated with the motor's characteristics. Among the candidates, 'locked_rotor_torque' has the highest similarity score (0.45) and is directly related to a specific torque property of a motor, making it the closest match. However, none of the candidates explicitly represent a torque constant (KT), so the match is based on closest semantic proximity rather than an exact definition.",LLM,0.4525836706161499,0.0013836324214935,"[{""id"": ""locked_rotor_torque"", ""sim"": 0.4526}, {""id"": ""breakdown_torque"", ""sim"": 0.4512}, {""id"": ""qEmax_kNm"", ""sim"": 0.4413}, {""id"": ""Qsmax_kNm"", ""sim"": 0.4308}, {""id"": ""torque"", ""sim"": 0.4295}]"
bmd_series.ttl,stator_phase_phase_inductance_Lpp,inductance,0.44,HUMAN_REVIEW,"The OEM variable 'stator_phase_phase_inductance_Lpp' refers to an inductance value related to the stator phase-to-phase measurement, which aligns with the ontology candidate 'inductance'. This candidate has the highest semantic similarity score among the options (0.44) and its definition matches the physical property described by the OEM variable. The other candidates refer to different electrical properties (current, torque, power factor, losses) and are less relevant.",LLM,0.4526883959770202,0.0078488588333129,"[{""id"": ""locked_rotor_current"", ""sim"": 0.4527}, {""id"": ""inductance"", ""sim"": 0.4448}, {""id"": ""locked_rotor_torque"", ""sim"": 0.4442}, {""id"": ""power_factor"", ""sim"": 0.4271}, {""id"": ""copper_losses"", ""sim"": 0.4265}]"
bmd_series.ttl,stall_torque_M0,locked_rotor_torque,0.92,ACCEPT,"The OEM variable 'stall_torque_M0' refers to the torque produced by a motor when it is stalled (i.e., at zero speed). In electric motor terminology, this is commonly known as 'locked rotor torque.' Among the candidates, 'locked_rotor_torque' is the most semantically accurate match, as indicated by both the description and the similarity score. The other candidates refer to maximum torque, breakdown torque, or general torque at rated points, which are not specific to the stall/locked-rotor condition.",LLM,0.4681354165077209,0.0049393475055694,"[{""id"": ""qEmax_kNm"", ""sim"": 0.4681}, {""id"": ""locked_rotor_torque"", ""sim"": 0.4632}, {""id"": ""breakdown_torque"", ""sim"": 0.463}, {""id"": ""torque"", ""sim"": 0.4509}, {""id"": ""Qsmax_kNm"", ""sim"": 0.4462}]"
bmd_series.ttl,brake_torque_Mb,breakdown_torque,0.51,ACCEPT,"The OEM variable 'brake_torque_Mb' most closely matches 'breakdown_torque' based on the highest similarity score (0.511). Both refer to torque-related properties, and 'breakdown_torque' is defined as a motor operating limit, which aligns with the context of braking torque in OEM datasets. Other candidates have lower similarity scores or do not directly reference braking or torque properties.",LLM,0.5114231705665588,0.056429237127304,"[{""id"": ""breakdown_torque"", ""sim"": 0.5114}, {""id"": ""locked_rotor_torque"", ""sim"": 0.455}, {""id"": ""qEmax_kNm"", ""sim"": 0.454}, {""id"": ""comp:ShaftBrakes1"", ""sim"": 0.4479}, {""id"": ""torque"", ""sim"": 0.4456}]"
bmd_series.ttl,brake_mass_mb,comp:ShaftBrakes1,0.4505,HUMAN_REVIEW,"The variable 'brake_mass_mb' refers to the mass of a brake component. Among the candidates, 'comp:ShaftBrakes1' is the only entity explicitly related to brakes, making it the most semantically relevant match despite a moderate similarity score. Other candidates refer to general mass, added mass, or unrelated properties.",LLM,0.4505287408828735,0.0062216520309448,"[{""id"": ""comp:ShaftBrakes1"", ""sim"": 0.4505}, {""id"": ""addedMass_kg"", ""sim"": 0.4443}, {""id"": ""mass"", ""sim"": 0.4324}, {""id"": ""breakdown_torque"", ""sim"": 0.4247}, {""id"": ""moment_of_inertia"", ""sim"": 0.3828}]"
bmd_series.ttl,equivalent_torque_MEQU,qEmax_kNm,0.5,HUMAN_REVIEW,"The OEM variable 'equivalent_torque_MEQU' most closely aligns with 'qEmax_kNm', which represents the maximum torque of a prime mover in kNm. The similarity score is the highest among the candidates, and both refer to a torque value relevant to a main engine or prime mover context. Other candidates either refer to specific motor operating points or use different units or contexts.",LLM,0.5038406848907471,0.0084559619426727,"[{""id"": ""qEmax_kNm"", ""sim"": 0.5038}, {""id"": ""breakdown_torque"", ""sim"": 0.4954}, {""id"": ""torque"", ""sim"": 0.4945}, {""id"": ""linked_flux"", ""sim"": 0.4825}, {""id"": ""locked_rotor_torque"", ""sim"": 0.4798}]"
bmd_series.ttl,max_torque_Mmax,qEmax_kNm,0.54,ACCEPT,"The OEM variable 'max_torque_Mmax' refers to the maximum torque, which closely matches the ontology property 'qEmax_kNm' described as 'Prime mover maximum torque [kNm]'. The similarity score is the highest among the candidates (0.54), and the description aligns with the concept of maximum torque for a prime mover, making it the most appropriate mapping.",LLM,0.5369542837142944,0.0317171216011047,"[{""id"": ""qEmax_kNm"", ""sim"": 0.537}, {""id"": ""Qsmax_kNm"", ""sim"": 0.5052}, {""id"": ""Qmax_kNm"", ""sim"": 0.479}, {""id"": ""breakdown_torque"", ""sim"": 0.4661}, {""id"": ""locked_rotor_torque"", ""sim"": 0.4477}]"
bmd_series.ttl,motor_mass_without_brake_flywheel_mM,mass,0.51,ACCEPT,"The variable 'motor_mass_without_brake_flywheel_mM' refers to the mass of the motor excluding the brake and flywheel. Among the candidates, 'mass' is the most relevant ontology property, as it directly represents the mass of an ElectricMotor and matches the unit (kg). The other candidates refer to different concepts such as added mass (hydrodynamic), torque, or are not specific to the motor's physical mass.",LLM,0.5134112238883972,0.0546846389770507,"[{""id"": ""mass"", ""sim"": 0.5134}, {""id"": ""addedMass_kg"", ""sim"": 0.4587}, {""id"": ""breakdown_torque"", ""sim"": 0.445}, {""id"": ""locked_rotor_torque"", ""sim"": 0.4387}, {""id"": ""qEmax_kNm"", ""sim"": 0.4383}]"
bmd_series.ttl,rated_torque_Mn,ratedTorque_kNm,0.53,ACCEPT,"The OEM variable 'rated_torque_Mn' refers to the rated torque, which aligns closely with the ontology property 'ratedTorque_kNm' (sim: 0.529). Both refer to the rated torque value, and the ontology property is defined for relevant mechanical components (Gearbox, Coupling) with a matching unit (kNm). This makes it the most semantically and contextually appropriate match among the candidates.",LLM,0.5290642976760864,0.0077720880508422,"[{""id"": ""ratedTorque_kNm"", ""sim"": 0.5291}, {""id"": ""ratedTorque_kNm"", ""sim"": 0.5213}, {""id"": ""torque"", ""sim"": 0.5065}, {""id"": ""qEmax_kNm"", ""sim"": 0.4979}, {""id"": ""breakdown_torque"", ""sim"": 0.4974}]"
bmd_series.ttl,rated_speed_nn,nn_rpm,0.85,ACCEPT,"The OEM variable 'rated_speed_nn' most closely matches the ontology candidate 'nn_rpm', as both refer to a nominal or rated speed, likely measured in revolutions per minute (rpm). The other candidates refer to different physical properties such as voltage, current, or power, which are not related to speed. The similarity score is slightly lower than others, but the semantic match is strongest.",LLM,0.4690934419631958,0.0054455995559692,"[{""id"": ""rated_voltage"", ""sim"": 0.4691}, {""id"": ""rated_current"", ""sim"": 0.4636}, {""id"": ""rated_output_power"", ""sim"": 0.4593}, {""id"": ""nn_rpm"", ""sim"": 0.4287}, {""id"": ""minimum_air_speed"", ""sim"": 0.4193}]"
bmd_series.ttl,brake_electrical_power_Pb,output_power,0.46,HUMAN_REVIEW,"The OEM variable 'brake_electrical_power_Pb' refers to the electrical power associated with the brake, which aligns most closely with the ontology candidate 'output_power'. Both refer to a specific power output, and the candidate's unit (W) and context (MotorRatedPoint) are consistent with typical brake power measurements. The similarity score is the highest among candidates directly related to power, supporting this mapping.",LLM,0.4726832211017608,0.0027804672718048,"[{""id"": ""power_factor"", ""sim"": 0.4727}, {""id"": ""breakdown_torque"", ""sim"": 0.4699}, {""id"": ""input_power"", ""sim"": 0.4691}, {""id"": ""power"", ""sim"": 0.4683}, {""id"": ""output_power"", ""sim"": 0.4639}]"
bmd_series.ttl,rated_power_Pn,,0.0,NO_MATCH,LLM API 429,LLM,0.5395610928535461,0.0430610477924346,"[{""id"": ""rated_output_power"", ""sim"": 0.5396}, {""id"": ""output_power"", ""sim"": 0.4965}, {""id"": ""input_power"", ""sim"": 0.4812}, {""id"": ""power_factor"", ""sim"": 0.4785}, {""id"": ""power"", ""sim"": 0.4741}]"
bmd_series.ttl,stator_phase_phase_resistance_Rpp,resistance,0.47,HUMAN_REVIEW,"The OEM variable 'stator_phase_phase_resistance_Rpp' describes the resistance between stator phases, which aligns with the ontology candidate 'resistance'. Both refer to electrical resistance, measured in ohms, and are relevant to motor equivalent circuits. The similarity score is the highest among candidates, and the domain and unit match the variable's context.",LLM,0.4735423326492309,0.014410376548767,"[{""id"": ""resistance"", ""sim"": 0.4735}, {""id"": ""locked_rotor_current"", ""sim"": 0.4591}, {""id"": ""locked_rotor_torque"", ""sim"": 0.4541}, {""id"": ""winding_temperature_rise_K"", ""sim"": 0.4383}, {""id"": ""copper_losses"", ""sim"": 0.4366}]"
bmd_series.ttl,brake_engaging_time_t1,comp:ShaftBrakes1,0.458,HUMAN_REVIEW,"The variable 'brake_engaging_time_t1' refers to a brake-related event, and among the candidates, 'comp:ShaftBrakes1' is the only entity directly related to brakes. The similarity score is the highest among the candidates, indicating the closest semantic match, although it does not explicitly represent a time property. No candidate directly represents 'engaging time', but 'comp:ShaftBrakes1' is the most relevant entity for mapping.",LLM,0.4580826461315155,0.0194935202598571,"[{""id"": ""comp:ShaftBrakes1"", ""sim"": 0.4581}, {""id"": ""breakdown_torque"", ""sim"": 0.4386}, {""id"": ""compressorChargeTime_h"", ""sim"": 0.411}, {""id"": ""eng:IntakeAndExhaustSystem1"", ""sim"": 0.408}, {""id"": ""eng:FuelSystem1"", ""sim"": 0.4043}]"
bmd_series.ttl,brake_release_time_t2,,0.4172542095184326,HUMAN_REVIEW,Low similarity (top_sim=0.417 < MIN_SIM=0.45),LOW_SIM,0.4172542095184326,0.0087591707706451,"[{""id"": ""comp:ShaftBrakes1"", ""sim"": 0.4173}, {""id"": ""breakdown_torque"", ""sim"": 0.4085}, {""id"": ""compressorChargeTime_h"", ""sim"": 0.3994}, {""id"": ""comp:TorsionalVibrationDamper1"", ""sim"": 0.3655}, {""id"": ""locked_rotor_torque"", ""sim"": 0.3604}]"
bmd_series.ttl,brake_dc_voltage_Vb,,0.4383895695209503,HUMAN_REVIEW,Low similarity (top_sim=0.438 < MIN_SIM=0.45),LOW_SIM,0.4383895695209503,0.0294795036315917,"[{""id"": ""rated_voltage"", ""sim"": 0.4384}, {""id"": ""breakdown_torque"", ""sim"": 0.4089}, {""id"": ""comp:ShaftBrakes1"", ""sim"": 0.3946}, {""id"": ""linked_flux"", ""sim"": 0.3843}, {""id"": ""locked_rotor_current"", ""sim"": 0.375}]"
bmd_series.ttl,rated_voltage_Vn,rated_voltage,0.5605837106704712,ACCEPT,"Auto by margin (top_sim=0.561, margin=0.113)",AUTO_MARGIN,0.5605837106704712,0.1126564443111419,"[{""id"": ""rated_voltage"", ""sim"": 0.5606}, {""id"": ""rated_current"", ""sim"": 0.4479}, {""id"": ""rated_output_power"", ""sim"": 0.4454}, {""id"": ""power_factor"", ""sim"": 0.3923}, {""id"": ""power"", ""sim"": 0.3911}]"
bmd_series.ttl,DeltaJ,,0.354617714881897,NO_MATCH,Low similarity (top_sim=0.355 < MIN_SIM=0.45),LOW_SIM,0.354617714881897,0.0291820168495178,"[{""id"": ""charpyV_J"", ""sim"": 0.3546}, {""id"": ""hull:HullParams1"", ""sim"": 0.3254}, {""id"": ""linked_flux"", ""sim"": 0.3186}, {""id"": ""dampingCoeff"", ""sim"": 0.3162}, {""id"": ""breakdown_torque"", ""sim"": 0.3115}]"
bmd_series.ttl,Delta_mM,,0.3223770558834076,NO_MATCH,Low similarity (top_sim=0.322 < MIN_SIM=0.45),LOW_SIM,0.3223770558834076,0.0015824139118194,"[{""id"": ""mcrRpm_revPerSec"", ""sim"": 0.3224}, {""id"": ""qEmax_kNm"", ""sim"": 0.3208}, {""id"": ""mass"", ""sim"": 0.3184}, {""id"": ""mcrPower_kW"", ""sim"": 0.3171}, {""id"": ""D_m"", ""sim"": 0.316}]"
bmd_series.ttl,tau_el,,0.3277611136436462,NO_MATCH,Low similarity (top_sim=0.328 < MIN_SIM=0.45),LOW_SIM,0.3277611136436462,0.0079545974731445,"[{""id"": ""linked_flux"", ""sim"": 0.3278}, {""id"": ""breakdown_torque"", ""sim"": 0.3198}, {""id"": ""locked_rotor_torque"", ""sim"": 0.3182}, {""id"": ""torque"", ""sim"": 0.3103}, {""id"": ""inertiaRatio_Ie_It"", ""sim"": 0.2982}]"
bmd_series.ttl,tau_therm,,0.373881459236145,NO_MATCH,Low similarity (top_sim=0.374 < MIN_SIM=0.45),LOW_SIM,0.373881459236145,0.0390562415122985,"[{""id"": ""winding_temperature_rise_K"", ""sim"": 0.3739}, {""id"": ""locked_rotor_torque"", ""sim"": 0.3348}, {""id"": ""breakdown_torque"", ""sim"": 0.3264}, {""id"": ""atmospheric_pressure_Pa"", ""sim"": 0.3238}, {""id"": ""insulation_thermal_class"", ""sim"": 0.3209}]"
filip.ttl,mechanical_speed_omega,,0.0,NO_MATCH,LLM API 429,LLM,0.4513278007507324,0.0152935683727264,"[{""id"": ""minimum_air_speed"", ""sim"": 0.4513}, {""id"": ""mcrRpm_revPerSec"", ""sim"": 0.436}, {""id"": ""rotational_frequency"", ""sim"": 0.4314}, {""id"": ""locked_rotor_torque"", ""sim"": 0.4116}, {""id"": ""angular_frequency"", ""sim"": 0.4112}]"
filip.ttl,synchronous_speed_omega_e,,0.4294788837432861,HUMAN_REVIEW,Low similarity (top_sim=0.429 < MIN_SIM=0.45),LOW_SIM,0.4294788837432861,0.0058600008487701,"[{""id"": ""angular_frequency"", ""sim"": 0.4295}, {""id"": ""rotational_frequency"", ""sim"": 0.4236}, {""id"": ""minimum_air_speed"", ""sim"": 0.421}, {""id"": ""mcrRpm_revPerSec"", ""sim"": 0.4041}, {""id"": ""frequency"", ""sim"": 0.4012}]"
filip.ttl,slip_frequency_omega_sl,slip_ratio,0.4828476309776306,HUMAN_REVIEW,"Auto by margin (top_sim=0.483, margin=0.067)",AUTO_MARGIN,0.4828476309776306,0.0668262541294097,"[{""id"": ""slip_ratio"", ""sim"": 0.4828}, {""id"": ""angular_frequency"", ""sim"": 0.416}, {""id"": ""rotational_frequency"", ""sim"": 0.3996}, {""id"": ""naturalFrequency_Hz"", ""sim"": 0.3928}, {""id"": ""frequency"", ""sim"": 0.3715}]"
filip.ttl,pole_pairs_p,number_of_poles,0.529553234577179,ACCEPT,"Auto by margin (top_sim=0.530, margin=0.130)",AUTO_MARGIN,0.529553234577179,0.1295004487037658,"[{""id"": ""number_of_poles"", ""sim"": 0.5296}, {""id"": ""power_factor"", ""sim"": 0.4001}, {""id"": ""power"", ""sim"": 0.366}, {""id"": ""locked_rotor_torque"", ""sim"": 0.3575}, {""id"": ""breakdown_torque"", ""sim"": 0.3574}]"
filip.ttl,moment_of_inertia_J,moment_of_inertia,0.5375056862831116,ACCEPT,"Auto by margin (top_sim=0.538, margin=0.121)",AUTO_MARGIN,0.5375056862831116,0.1211877465248107,"[{""id"": ""moment_of_inertia"", ""sim"": 0.5375}, {""id"": ""charpyV_J"", ""sim"": 0.4163}, {""id"": ""inertiaRatio_Ie_It"", ""sim"": 0.4029}, {""id"": ""torque"", ""sim"": 0.3797}, {""id"": ""mass"", ""sim"": 0.376}]"
filip.ttl,bearing_torque_coefficient_b,,0.0,NO_MATCH,LLM API 429,LLM,0.4685568511486053,0.0287120044231414,"[{""id"": ""breakdown_torque"", ""sim"": 0.4686}, {""id"": ""torque"", ""sim"": 0.4398}, {""id"": ""locked_rotor_torque"", ""sim"": 0.4386}, {""id"": ""dampingCoeff"", ""sim"": 0.4215}, {""id"": ""ratedTorque_kNm"", ""sim"": 0.4192}]"
filip.ttl,electromagnetic_torque_Te,,0.0,NO_MATCH,LLM API 429,LLM,0.4917384088039398,0.000362604856491,"[{""id"": ""locked_rotor_torque"", ""sim"": 0.4917}, {""id"": ""breakdown_torque"", ""sim"": 0.4914}, {""id"": ""linked_flux"", ""sim"": 0.4705}, {""id"": ""magnetic_flux"", ""sim"": 0.4673}, {""id"": ""torque"", ""sim"": 0.4588}]"
filip.ttl,load_torque_TL,,0.0,NO_MATCH,LLM API 429,LLM,0.497846245765686,0.0096549391746521,"[{""id"": ""breakdown_torque"", ""sim"": 0.4978}, {""id"": ""locked_rotor_torque"", ""sim"": 0.4882}, {""id"": ""prop:PropellerLoadSet1"", ""sim"": 0.4651}, {""id"": ""qEmax_kNm"", ""sim"": 0.4641}, {""id"": ""torque"", ""sim"": 0.4579}]"
filip.ttl,stator_current_d_ids,,0.0,NO_MATCH,LLM API 429,LLM,0.5040317177772522,0.0398781895637512,"[{""id"": ""locked_rotor_current"", ""sim"": 0.504}, {""id"": ""locked_rotor_torque"", ""sim"": 0.4642}, {""id"": ""rated_current"", ""sim"": 0.4556}, {""id"": ""breakdown_torque"", ""sim"": 0.4492}, {""id"": ""copper_losses"", ""sim"": 0.4273}]"
filip.ttl,stator_current_q_iqs,locked_rotor_current,0.47,HUMAN_REVIEW,"The variable 'stator_current_q_iqs' refers to the q-axis component of the stator current, which is related to the current in the stator windings of an electric motor. Among the candidates, 'locked_rotor_current' is the closest match as it represents a specific current measurement in the stator under locked rotor conditions. The similarity score is the highest among the options, but still moderate, indicating that while it is the best available match, it may not be a perfect representation of the q-axis stator current.",LLM,0.472351610660553,0.0307607948780059,"[{""id"": ""locked_rotor_current"", ""sim"": 0.4724}, {""id"": ""rated_current"", ""sim"": 0.4416}, {""id"": ""locked_rotor_torque"", ""sim"": 0.4392}, {""id"": ""breakdown_torque"", ""sim"": 0.4225}, {""id"": ""linked_flux"", ""sim"": 0.4175}]"
filip.ttl,rotor_flux_d_psi_dr,magnetic_flux,0.46,HUMAN_REVIEW,"The OEM variable 'rotor_flux_d_psi_dr' refers to the d-axis component of the rotor magnetic flux, typically measured in Weber (Wb). Among the candidates, 'magnetic_flux' is the closest semantic match, as it represents magnetic flux in the context of a motor equivalent circuit and uses the same unit. The other candidates refer to current, torque, or frequency, which are not directly related to rotor flux.",LLM,0.4915840029716491,0.0019752979278564,"[{""id"": ""locked_rotor_current"", ""sim"": 0.4916}, {""id"": ""locked_rotor_torque"", ""sim"": 0.4896}, {""id"": ""magnetic_flux"", ""sim"": 0.4619}, {""id"": ""linked_flux"", ""sim"": 0.4436}, {""id"": ""rotational_frequency"", ""sim"": 0.4175}]"
filip.ttl,rotor_flux_q_psi_qr,magnetic_flux,0.47,HUMAN_REVIEW,"The OEM variable 'rotor_flux_q_psi_qr' refers to the quadrature-axis rotor flux, which is a component of magnetic flux in the rotor. Among the candidates, 'magnetic_flux' is the closest semantic match, as it represents the general concept of magnetic flux in the motor equivalent circuit. The similarity score is 0.465, which, while not very high, is the highest among the candidates and aligns with the physical meaning of the variable.",LLM,0.4970876574516296,0.0050967931747436,"[{""id"": ""locked_rotor_torque"", ""sim"": 0.4971}, {""id"": ""locked_rotor_current"", ""sim"": 0.492}, {""id"": ""magnetic_flux"", ""sim"": 0.4651}, {""id"": ""linked_flux"", ""sim"": 0.4539}, {""id"": ""Qsmax_kNm"", ""sim"": 0.4147}]"
filip.ttl,stator_voltage_d_ud,rated_voltage,0.46,HUMAN_REVIEW,"The OEM variable 'stator_voltage_d_ud' refers to a voltage measurement related to the stator, and among the candidates, 'rated_voltage' is the only voltage-related property. The similarity score (0.462) is the highest among the candidates, and the unit (V) matches the expected unit for a voltage variable. Other candidates refer to torque, current, or flux, which are not relevant to the stator voltage variable.",LLM,0.4623939990997314,0.0347755253314971,"[{""id"": ""rated_voltage"", ""sim"": 0.4624}, {""id"": ""locked_rotor_torque"", ""sim"": 0.4276}, {""id"": ""locked_rotor_current"", ""sim"": 0.4265}, {""id"": ""breakdown_torque"", ""sim"": 0.4116}, {""id"": ""linked_flux"", ""sim"": 0.3998}]"
filip.ttl,stator_voltage_q_uq,rated_voltage,0.46,HUMAN_REVIEW,"The OEM variable 'stator_voltage_q_uq' refers to a voltage measurement related to the stator, and among the candidates, 'rated_voltage' is the only property directly associated with voltage (unit: V). The similarity score is the highest among the candidates, and the others pertain to torque, current, or flux, which are not directly related to voltage. Therefore, 'rated_voltage' is the best available match, though the confidence is moderate due to lack of explicit reference to the 'q' or 'uq' components in the ontology.",LLM,0.4565344452857971,0.0245878100395202,"[{""id"": ""rated_voltage"", ""sim"": 0.4565}, {""id"": ""locked_rotor_torque"", ""sim"": 0.4319}, {""id"": ""locked_rotor_current"", ""sim"": 0.4232}, {""id"": ""linked_flux"", ""sim"": 0.417}, {""id"": ""breakdown_torque"", ""sim"": 0.4147}]"
filip.ttl,stator_resistance_Rs,resistance,0.49,HUMAN_REVIEW,"The OEM variable 'stator_resistance_Rs' refers to the resistance of the stator winding in a motor. Among the candidates, 'resistance' is the most relevant ontology property, as it is defined for the MotorEquivalentCircuit domain and uses ohms as the unit, matching the expected context and unit for stator resistance. The similarity score is the highest among the candidates, though not very high, indicating a moderate match.",LLM,0.4906717836856842,0.0397944450378418,"[{""id"": ""resistance"", ""sim"": 0.4907}, {""id"": ""locked_rotor_current"", ""sim"": 0.4509}, {""id"": ""locked_rotor_torque"", ""sim"": 0.4447}, {""id"": ""copper_losses"", ""sim"": 0.4395}, {""id"": ""winding_temperature_rise_K"", ""sim"": 0.4331}]"
filip.ttl,rotor_resistance_Rr,resistance,0.48,HUMAN_REVIEW,"The OEM variable 'rotor_resistance_Rr' refers to the resistance of the rotor in a motor, which aligns with the ontology candidate 'resistance' (unit: ohm, domain: MotorEquivalentCircuit). Although the candidate is generic and not specific to the rotor, it is the closest match among the provided options.",LLM,0.5093454122543335,0.0089260339736938,"[{""id"": ""locked_rotor_current"", ""sim"": 0.5093}, {""id"": ""locked_rotor_torque"", ""sim"": 0.5004}, {""id"": ""resistance"", ""sim"": 0.4814}, {""id"": ""winding_temperature_rise_K"", ""sim"": 0.4288}, {""id"": ""mcrRpm_revPerSec"", ""sim"": 0.4278}]"
filip.ttl,stator_inductance_Ls,,0.4489793181419372,HUMAN_REVIEW,Low similarity (top_sim=0.449 < MIN_SIM=0.45),LOW_SIM,0.4489793181419372,0.0166475176811218,"[{""id"": ""inductance"", ""sim"": 0.449}, {""id"": ""locked_rotor_current"", ""sim"": 0.4323}, {""id"": ""linked_flux"", ""sim"": 0.4288}, {""id"": ""locked_rotor_torque"", ""sim"": 0.4211}, {""id"": ""copper_losses"", ""sim"": 0.4207}]"
filip.ttl,rotor_inductance_Lr,inductance,0.45,HUMAN_REVIEW,"The OEM variable 'rotor_inductance_Lr' refers to the inductance of the rotor, which aligns with the ontology candidate 'inductance' (unit: H, domain: MotorEquivalentCircuit). Although the similarity score is moderate, it is the most semantically relevant candidate among the options, as the other candidates refer to current, torque, losses, or flux, not inductance.",LLM,0.5306507349014282,0.017341673374176,"[{""id"": ""locked_rotor_current"", ""sim"": 0.5307}, {""id"": ""locked_rotor_torque"", ""sim"": 0.5133}, {""id"": ""inductance"", ""sim"": 0.4515}, {""id"": ""copper_losses"", ""sim"": 0.43}, {""id"": ""linked_flux"", ""sim"": 0.4285}]"
filip.ttl,magnetizing_inductance_Lm,,0.4452987909317016,HUMAN_REVIEW,Low similarity (top_sim=0.445 < MIN_SIM=0.45),LOW_SIM,0.4452987909317016,0.0042803883552551,"[{""id"": ""inductance"", ""sim"": 0.4453}, {""id"": ""magnetic_flux"", ""sim"": 0.441}, {""id"": ""linked_flux"", ""sim"": 0.4167}, {""id"": ""locked_rotor_current"", ""sim"": 0.3897}, {""id"": ""copper_losses"", ""sim"": 0.3712}]"
filip.ttl,rated_voltage_Un,rated_voltage,0.5399122834205627,ACCEPT,"Auto by margin (top_sim=0.540, margin=0.092)",AUTO_MARGIN,0.5399122834205627,0.0915575623512268,"[{""id"": ""rated_voltage"", ""sim"": 0.5399}, {""id"": ""rated_output_power"", ""sim"": 0.4484}, {""id"": ""rated_current"", ""sim"": 0.4446}, {""id"": ""output_power"", ""sim"": 0.3947}, {""id"": ""power_factor"", ""sim"": 0.3945}]"
filip.ttl,rated_current_In,rated_current,0.55,ACCEPT,"The OEM variable 'rated_current_In' most closely matches the ontology candidate 'rated_current' based on both semantic similarity (sim=0.55, the highest among candidates) and the matching unit (A for Amperes, which is standard for current). Both refer to the rated current of a motor, as defined in IEC 60034-1:2022.",LLM,0.5465107560157776,0.0480524897575378,"[{""id"": ""rated_current"", ""sim"": 0.5465}, {""id"": ""rated_voltage"", ""sim"": 0.4985}, {""id"": ""rated_output_power"", ""sim"": 0.4956}, {""id"": ""locked_rotor_current"", ""sim"": 0.4725}, {""id"": ""input_power"", ""sim"": 0.4633}]"
filip.ttl,rated_speed_nn,nn_rpm,0.85,ACCEPT,"The OEM variable 'rated_speed_nn' most likely refers to the rated or nominal speed of a motor or rotating equipment, typically measured in revolutions per minute (rpm). Among the candidates, 'nn_rpm' is described as 'Nominal speed at MCR, free running [rpm]', which closely matches the meaning of 'rated_speed_nn'. The other candidates refer to voltage, current, output power, or air speed, which are not directly related to speed. Although the similarity score is not the highest, the semantic match is strongest with 'nn_rpm'.",LLM,0.4690934419631958,0.0054455995559692,"[{""id"": ""rated_voltage"", ""sim"": 0.4691}, {""id"": ""rated_current"", ""sim"": 0.4636}, {""id"": ""rated_output_power"", ""sim"": 0.4593}, {""id"": ""nn_rpm"", ""sim"": 0.4287}, {""id"": ""minimum_air_speed"", ""sim"": 0.4193}]"
filip.ttl,rated_power_Pn,rated_output_power,0.54,ACCEPT,"The OEM variable 'rated_power_Pn' most closely matches the ontology candidate 'rated_output_power' based on the highest similarity score (0.54). Both refer to the rated output power of a motor, and the ontology candidate specifies the unit (kW) and source (IEC 60034-1:2022), which aligns with typical usage of 'Pn' for rated power in engineering contexts.",LLM,0.5395610928535461,0.0430610477924346,"[{""id"": ""rated_output_power"", ""sim"": 0.5396}, {""id"": ""output_power"", ""sim"": 0.4965}, {""id"": ""input_power"", ""sim"": 0.4812}, {""id"": ""power_factor"", ""sim"": 0.4785}, {""id"": ""power"", ""sim"": 0.4741}]"
filip.ttl,power_factor_cos_phi_n,power_factor,0.5119099617004395,ACCEPT,"Auto by margin (top_sim=0.512, margin=0.106)",AUTO_MARGIN,0.5119099617004395,0.105842500925064,"[{""id"": ""power_factor"", ""sim"": 0.5119}, {""id"": ""input_power"", ""sim"": 0.4061}, {""id"": ""output_power"", ""sim"": 0.4021}, {""id"": ""power"", ""sim"": 0.3985}, {""id"": ""rated_output_power"", ""sim"": 0.3957}]"
hinkkanen.ttl,rated_power_Pn,rated_output_power,0.54,ACCEPT,"The OEM variable 'rated_power_Pn' most closely matches the ontology candidate 'rated_output_power' based on the highest similarity score (0.54). Both refer to the rated output power of a motor, typically measured in kW, and the ontology candidate is sourced from IEC 60034-1:2022, which is relevant for motor ratings. Other candidates have lower similarity scores and do not specify 'rated' output power.",LLM,0.5395610928535461,0.0430610477924346,"[{""id"": ""rated_output_power"", ""sim"": 0.5396}, {""id"": ""output_power"", ""sim"": 0.4965}, {""id"": ""input_power"", ""sim"": 0.4812}, {""id"": ""power_factor"", ""sim"": 0.4785}, {""id"": ""power"", ""sim"": 0.4741}]"
hinkkanen.ttl,rated_voltage_Un,rated_voltage,0.5399122834205627,ACCEPT,"Auto by margin (top_sim=0.540, margin=0.092)",AUTO_MARGIN,0.5399122834205627,0.0915575623512268,"[{""id"": ""rated_voltage"", ""sim"": 0.5399}, {""id"": ""rated_output_power"", ""sim"": 0.4484}, {""id"": ""rated_current"", ""sim"": 0.4446}, {""id"": ""output_power"", ""sim"": 0.3947}, {""id"": ""power_factor"", ""sim"": 0.3945}]"
hinkkanen.ttl,rated_frequency_fn,,0.4420402646064758,HUMAN_REVIEW,Low similarity (top_sim=0.442 < MIN_SIM=0.45),LOW_SIM,0.4420402646064758,0.0088795721530914,"[{""id"": ""angular_frequency"", ""sim"": 0.442}, {""id"": ""frequency"", ""sim"": 0.4332}, {""id"": ""rotational_frequency"", ""sim"": 0.4079}, {""id"": ""rated_voltage"", ""sim"": 0.3853}, {""id"": ""naturalFrequency_Hz"", ""sim"": 0.3754}]"
hinkkanen.ttl,rated_speed_n_rated,,0.0,NO_MATCH,LLM API 429,LLM,0.5051589608192444,0.0019057989120483,"[{""id"": ""rated_current"", ""sim"": 0.5052}, {""id"": ""rated_voltage"", ""sim"": 0.5033}, {""id"": ""rated_output_power"", ""sim"": 0.5012}, {""id"": ""nn_rpm"", ""sim"": 0.4465}, {""id"": ""ratedTorque_kNm"", ""sim"": 0.4455}]"
hinkkanen.ttl,rated_current_In,,0.0,NO_MATCH,LLM API 429,LLM,0.5465107560157776,0.0480524897575378,"[{""id"": ""rated_current"", ""sim"": 0.5465}, {""id"": ""rated_voltage"", ""sim"": 0.4985}, {""id"": ""rated_output_power"", ""sim"": 0.4956}, {""id"": ""locked_rotor_current"", ""sim"": 0.4725}, {""id"": ""input_power"", ""sim"": 0.4633}]"
hinkkanen.ttl,rated_torque_T_rated,,0.0,NO_MATCH,LLM API 429,LLM,0.5411089658737183,0.0148835182189941,"[{""id"": ""ratedTorque_kNm"", ""sim"": 0.5411}, {""id"": ""ratedTorque_kNm"", ""sim"": 0.5262}, {""id"": ""breakdown_torque"", ""sim"": 0.5215}, {""id"": ""locked_rotor_torque"", ""sim"": 0.5172}, {""id"": ""rated_output_power"", ""sim"": 0.5135}]"
hinkkanen.ttl,total_moment_of_inertia_J_total,moment_of_inertia,0.5090871453285217,ACCEPT,"Auto by margin (top_sim=0.509, margin=0.126)",AUTO_MARGIN,0.5090871453285217,0.1256648004055023,"[{""id"": ""moment_of_inertia"", ""sim"": 0.5091}, {""id"": ""charpyV_J"", ""sim"": 0.3834}, {""id"": ""inertiaRatio_Ie_It"", ""sim"": 0.3809}, {""id"": ""comp:TorsionalVibrationDamper1"", ""sim"": 0.3703}, {""id"": ""torsionalStiffness_kNmPerRad"", ""sim"": 0.3696}]"
hinkkanen.ttl,stator_resistance_Rs,,0.0,NO_MATCH,LLM API 429,LLM,0.4906717836856842,0.0397944450378418,"[{""id"": ""resistance"", ""sim"": 0.4907}, {""id"": ""locked_rotor_current"", ""sim"": 0.4509}, {""id"": ""locked_rotor_torque"", ""sim"": 0.4447}, {""id"": ""copper_losses"", ""sim"": 0.4395}, {""id"": ""winding_temperature_rise_K"", ""sim"": 0.4331}]"
hinkkanen.ttl,rotor_resistance_RR,resistance,0.47,HUMAN_REVIEW,"The OEM variable 'rotor_resistance_RR' refers to the resistance of the rotor in a motor, which aligns conceptually with the ontology candidate 'resistance'. Both pertain to electrical resistance, and the ontology candidate specifies its use in the context of a MotorEquivalentCircuit, which is relevant. Although the similarity score is moderate (0.47), it is the most appropriate match among the candidates, as the other options relate to current, torque, losses, or temperature rise rather than resistance.",LLM,0.5010961294174194,0.0105126798152923,"[{""id"": ""locked_rotor_current"", ""sim"": 0.5011}, {""id"": ""locked_rotor_torque"", ""sim"": 0.4906}, {""id"": ""resistance"", ""sim"": 0.4707}, {""id"": ""copper_losses"", ""sim"": 0.421}, {""id"": ""winding_temperature_rise_K"", ""sim"": 0.4185}]"
hinkkanen.ttl,magnetizing_inductance_LM,,0.438400387763977,HUMAN_REVIEW,Low similarity (top_sim=0.438 < MIN_SIM=0.45),LOW_SIM,0.438400387763977,0.0019231438636779,"[{""id"": ""inductance"", ""sim"": 0.4384}, {""id"": ""magnetic_flux"", ""sim"": 0.4365}, {""id"": ""linked_flux"", ""sim"": 0.4132}, {""id"": ""locked_rotor_current"", ""sim"": 0.3859}, {""id"": ""copper_losses"", ""sim"": 0.3672}]"
hinkkanen.ttl,stator_transient_inductance_L_s_prime,inductance,0.45,HUMAN_REVIEW,"The OEM variable 'stator_transient_inductance_L_s_prime' refers to an inductance parameter of the stator, specifically the transient inductance. Among the candidates, 'inductance' is the closest match as it directly represents an inductance property within the motor equivalent circuit, and its unit (H) aligns with the expected unit for this variable. The other candidates refer to current, torque, or flux, which are not directly related to inductance.",LLM,0.4559012055397033,0.0013756155967712,"[{""id"": ""locked_rotor_current"", ""sim"": 0.4559}, {""id"": ""inductance"", ""sim"": 0.4545}, {""id"": ""locked_rotor_torque"", ""sim"": 0.4444}, {""id"": ""linked_flux"", ""sim"": 0.4413}, {""id"": ""magnetic_flux"", ""sim"": 0.4324}]"
hinkkanen.ttl,pole_pairs_p,number_of_poles,0.529553234577179,ACCEPT,"Auto by margin (top_sim=0.530, margin=0.130)",AUTO_MARGIN,0.529553234577179,0.1295004487037658,"[{""id"": ""number_of_poles"", ""sim"": 0.5296}, {""id"": ""power_factor"", ""sim"": 0.4001}, {""id"": ""power"", ""sim"": 0.366}, {""id"": ""locked_rotor_torque"", ""sim"": 0.3575}, {""id"": ""breakdown_torque"", ""sim"": 0.3574}]"
hinkkanen.ttl,rotor_electrical_speed_omega_m,rotational_frequency,0.49,HUMAN_REVIEW,"The OEM variable 'rotor_electrical_speed_omega_m' refers to the electrical speed of the rotor, typically measured in radians per second or revolutions per minute. Among the candidates, 'rotational_frequency' is the closest ontological match, as it represents the rotational speed (rpm) of a motor. Although the similarity score is moderate (0.4879), it is the most relevant property compared to others, which refer to locked rotor conditions or air speed.",LLM,0.5264195203781128,0.0017369985580444,"[{""id"": ""locked_rotor_current"", ""sim"": 0.5264}, {""id"": ""locked_rotor_torque"", ""sim"": 0.5247}, {""id"": ""rotational_frequency"", ""sim"": 0.4879}, {""id"": ""mcrRpm_revPerSec"", ""sim"": 0.4852}, {""id"": ""minimum_air_speed"", ""sim"": 0.4629}]"
hinkkanen.ttl,reference_frame_speed_omega_k,,0.3917131125926971,NO_MATCH,Low similarity (top_sim=0.392 < MIN_SIM=0.45),LOW_SIM,0.3917131125926971,0.0031734108924865,"[{""id"": ""rotational_frequency"", ""sim"": 0.3917}, {""id"": ""angular_frequency"", ""sim"": 0.3885}, {""id"": ""mcrRpm_revPerSec"", ""sim"": 0.373}, {""id"": ""frame_size"", ""sim"": 0.3656}, {""id"": ""naturalFrequency_Hz"", ""sim"": 0.3649}]"
hinkkanen.ttl,stator_current_space_vector_is,locked_rotor_current,0.45,HUMAN_REVIEW,"The variable 'stator_current_space_vector_is' refers to a current measurement related to the stator, likely in a vector or space vector form, which is most closely related to 'locked_rotor_current' among the candidates. 'locked_rotor_current' is a property describing a specific current condition in a motor, and while not exactly the same as a general stator current space vector, it is the closest semantic match available in the provided ontology candidates. The similarity score (0.45) reflects a moderate but not strong match, indicating some conceptual overlap but not a perfect correspondence.",LLM,0.4527274966239929,0.0310559570789337,"[{""id"": ""locked_rotor_current"", ""sim"": 0.4527}, {""id"": ""locked_rotor_torque"", ""sim"": 0.4217}, {""id"": ""rated_current"", ""sim"": 0.3964}, {""id"": ""linked_flux"", ""sim"": 0.3942}, {""id"": ""breakdown_torque"", ""sim"": 0.3883}]"
hinkkanen.ttl,stator_voltage_space_vector_us,,0.4345168471336365,HUMAN_REVIEW,Low similarity (top_sim=0.435 < MIN_SIM=0.45),LOW_SIM,0.4345168471336365,0.0237026214599609,"[{""id"": ""rated_voltage"", ""sim"": 0.4345}, {""id"": ""locked_rotor_current"", ""sim"": 0.4108}, {""id"": ""locked_rotor_torque"", ""sim"": 0.4094}, {""id"": ""linked_flux"", ""sim"": 0.385}, {""id"": ""breakdown_torque"", ""sim"": 0.3847}]"
hinkkanen.ttl,stator_flux_psi_s,magnetic_flux,0.46,HUMAN_REVIEW,"The OEM variable 'stator_flux_psi_s' refers to the magnetic flux in the stator, typically measured in Weber (Wb). Among the candidates, 'magnetic_flux' is the most semantically and contextually relevant match, as it represents magnetic flux with the correct unit and is associated with the motor equivalent circuit. The similarity score is the highest among the candidates, supporting this mapping.",LLM,0.4646725654602051,0.0246766805648803,"[{""id"": ""magnetic_flux"", ""sim"": 0.4647}, {""id"": ""linked_flux"", ""sim"": 0.44}, {""id"": ""locked_rotor_torque"", ""sim"": 0.4133}, {""id"": ""locked_rotor_current"", ""sim"": 0.4057}, {""id"": ""power_factor"", ""sim"": 0.3812}]"
hinkkanen.ttl,rotor_flux_psi_R,magnetic_flux,0.46,HUMAN_REVIEW,"The OEM variable 'rotor_flux_psi_R' refers to the magnetic flux in the rotor, which aligns conceptually with the ontology property 'magnetic_flux'. Both represent magnetic flux, and the ontology property specifies the unit as Weber (Wb), which is standard for flux. The similarity score is the highest among the candidates that are conceptually relevant, though still moderate, indicating a reasonable but not perfect match.",LLM,0.49189093708992,0.0011661350727081,"[{""id"": ""locked_rotor_current"", ""sim"": 0.4919}, {""id"": ""locked_rotor_torque"", ""sim"": 0.4907}, {""id"": ""magnetic_flux"", ""sim"": 0.4583}, {""id"": ""linked_flux"", ""sim"": 0.4379}, {""id"": ""rotational_frequency"", ""sim"": 0.4138}]"
hinkkanen.ttl,electromagnetic_torque_Te,locked_rotor_torque,0.49,HUMAN_REVIEW,"The variable 'electromagnetic_torque_Te' refers to the electromagnetic torque produced by a motor. Among the candidates, 'locked_rotor_torque' and 'breakdown_torque' have the highest similarity scores and are specific types of electromagnetic torque defined in motor operating limits. However, 'locked_rotor_torque' is slightly more relevant as it directly relates to the electromagnetic torque at zero speed (when the rotor is locked), which is a standard reference point for electromagnetic torque in motor analysis. The generic 'torque' candidate has a lower similarity score and is less specific. Therefore, 'locked_rotor_torque' is selected as the best match.",LLM,0.4917384088039398,0.000362604856491,"[{""id"": ""locked_rotor_torque"", ""sim"": 0.4917}, {""id"": ""breakdown_torque"", ""sim"": 0.4914}, {""id"": ""linked_flux"", ""sim"": 0.4705}, {""id"": ""magnetic_flux"", ""sim"": 0.4673}, {""id"": ""torque"", ""sim"": 0.4588}]"
hinkkanen.ttl,stator_frequency_omega_s,angular_frequency,0.46,HUMAN_REVIEW,"The OEM variable 'stator_frequency_omega_s' refers to the angular frequency of the stator, typically measured in radians per second (rad/s). Among the candidates, 'angular_frequency' matches this definition, with a unit of rad/s and a relevant domain (MotorRatedPoint). The similarity score is the highest among the candidates, supporting this mapping.",LLM,0.4636204540729522,0.0166927278041839,"[{""id"": ""angular_frequency"", ""sim"": 0.4636}, {""id"": ""rotational_frequency"", ""sim"": 0.4469}, {""id"": ""frequency"", ""sim"": 0.4387}, {""id"": ""naturalFrequency_Hz"", ""sim"": 0.4361}, {""id"": ""locked_rotor_current"", ""sim"": 0.4226}]"
hinkkanen.ttl,slip_frequency_omega_r,slip_ratio,0.49,HUMAN_REVIEW,"The OEM variable 'slip_frequency_omega_r' likely refers to the slip frequency or slip ratio in an electric motor, which is conceptually closest to the ontology candidate 'slip_ratio'. The similarity score is the highest among the candidates (0.49), and the description aligns with the concept of slip in motors. Other candidates refer to general frequencies or rotational speeds, which are related but not as specific to slip.",LLM,0.4855246543884277,0.0404998064041137,"[{""id"": ""slip_ratio"", ""sim"": 0.4855}, {""id"": ""angular_frequency"", ""sim"": 0.445}, {""id"": ""rotational_frequency"", ""sim"": 0.44}, {""id"": ""mcrRpm_revPerSec"", ""sim"": 0.4062}, {""id"": ""naturalFrequency_Hz"", ""sim"": 0.4051}]"
hinkkanen.ttl,stator_current_d_isd,locked_rotor_current,0.48,HUMAN_REVIEW,"The OEM variable 'stator_current_d_isd' refers to a stator current, and among the candidates, 'locked_rotor_current' is the closest match both semantically and by similarity score (0.48). The other candidates relate to torque, rated current, or losses, which do not directly correspond to the d-axis stator current. However, the match is not exact, as 'stator_current_d_isd' may refer to a specific component (d-axis) of stator current in vector control, while 'locked_rotor_current' is a general property. Thus, confidence is moderate.",LLM,0.4767544269561767,0.0429699420928955,"[{""id"": ""locked_rotor_current"", ""sim"": 0.4768}, {""id"": ""locked_rotor_torque"", ""sim"": 0.4338}, {""id"": ""rated_current"", ""sim"": 0.4333}, {""id"": ""breakdown_torque"", ""sim"": 0.4161}, {""id"": ""copper_losses"", ""sim"": 0.3977}]"
hinkkanen.ttl,stator_current_q_isq,locked_rotor_current,0.48,HUMAN_REVIEW,"The OEM variable 'stator_current_q_isq' refers to the q-axis component of stator current, which is related to the current in the motor. Among the candidates, 'locked_rotor_current' has the highest semantic similarity (sim: 0.475) and is the closest match in terms of representing a current property in the ontology. However, the match is not exact, as 'stator_current_q_isq' is specifically the q-axis component, while 'locked_rotor_current' refers to the current when the rotor is locked. The confidence is moderate due to this partial alignment.",LLM,0.4750222563743591,0.0355204343795776,"[{""id"": ""locked_rotor_current"", ""sim"": 0.475}, {""id"": ""locked_rotor_torque"", ""sim"": 0.4395}, {""id"": ""rated_current"", ""sim"": 0.4368}, {""id"": ""linked_flux"", ""sim"": 0.4161}, {""id"": ""breakdown_torque"", ""sim"": 0.4154}]"
imfinityCLIS_motor.ttl,frame_size_min,,0.4039610028266907,HUMAN_REVIEW,Low similarity (top_sim=0.404 < MIN_SIM=0.45),LOW_SIM,0.4039610028266907,0.1005707383155822,"[{""id"": ""frame_size"", ""sim"": 0.404}, {""id"": ""hull:TransverseFrame101"", ""sim"": 0.3034}, {""id"": ""hull:LongitudinalFrame201"", ""sim"": 0.286}, {""id"": ""reg:CI_RudderSpeedMinima"", ""sim"": 0.2851}, {""id"": ""hull:WebFrame1"", ""sim"": 0.2827}]"
imfinityCLIS_motor.ttl,efficiency_class,efficiency_class_ie,0.5463007688522339,ACCEPT,"Auto by margin (top_sim=0.546, margin=0.090)",AUTO_MARGIN,0.5463007688522339,0.0903024673461914,"[{""id"": ""efficiency_class_ie"", ""sim"": 0.5463}, {""id"": ""efficiency"", ""sim"": 0.456}, {""id"": ""insulation_thermal_class"", ""sim"": 0.4211}, {""id"": ""power_factor"", ""sim"": 0.3929}, {""id"": ""rated_output_power"", ""sim"": 0.38}]"
imfinityCLIS_motor.ttl,standard_operating_voltage,rated_voltage,0.4736590981483459,HUMAN_REVIEW,"Auto by margin (top_sim=0.474, margin=0.083)",AUTO_MARGIN,0.4736590981483459,0.0830945074558258,"[{""id"": ""rated_voltage"", ""sim"": 0.4737}, {""id"": ""rated_output_power"", ""sim"": 0.3906}, {""id"": ""breakdown_torque"", ""sim"": 0.3874}, {""id"": ""output_power"", ""sim"": 0.3804}, {""id"": ""locked_rotor_current"", ""sim"": 0.3795}]"
imfinityCLIS_motor.ttl,type_designation,,0.3674634397029876,NO_MATCH,Low similarity (top_sim=0.367 < MIN_SIM=0.45),LOW_SIM,0.3674634397029876,0.0019867122173309,"[{""id"": ""hull:HullParams1"", ""sim"": 0.3675}, {""id"": ""designOperationSpeedInIce_kn"", ""sim"": 0.3655}, {""id"": ""IceLoadDetectionSystem"", ""sim"": 0.3646}, {""id"": ""boltDesignForFex"", ""sim"": 0.3629}, {""id"": ""TorqueMonitoringSystem"", ""sim"": 0.3619}]"
imfinityCLIS_motor.ttl,poles,number_of_poles,0.5132922530174255,ACCEPT,"Auto by margin (top_sim=0.513, margin=0.180)",AUTO_MARGIN,0.5132922530174255,0.1796349883079528,"[{""id"": ""number_of_poles"", ""sim"": 0.5133}, {""id"": ""power_factor"", ""sim"": 0.3337}, {""id"": ""power"", ""sim"": 0.3136}, {""id"": ""breakdown_torque"", ""sim"": 0.3122}, {""id"": ""n_bollard_rpm"", ""sim"": 0.3119}]"
imfinityCLIS_motor.ttl,Pn_kW,rated_output_power,0.95,ACCEPT,"The OEM variable 'Pn_kW' likely refers to the nominal or rated power of a motor in kilowatts. Among the candidates, 'rated_output_power' specifically denotes the rated output power with the unit kW, matching both the meaning and unit of the OEM variable. The similarity score is also the highest among the candidates.",LLM,0.467221736907959,0.0146459937095642,"[{""id"": ""rated_output_power"", ""sim"": 0.4672}, {""id"": ""power_factor"", ""sim"": 0.4526}, {""id"": ""output_power"", ""sim"": 0.4417}, {""id"": ""input_power"", ""sim"": 0.4351}, {""id"": ""power"", ""sim"": 0.4349}]"
imfinityCLIS_motor.ttl,Mn_Nm,,0.4133692681789398,HUMAN_REVIEW,Low similarity (top_sim=0.413 < MIN_SIM=0.45),LOW_SIM,0.4133692681789398,0.0030575990676879,"[{""id"": ""qEmax_kNm"", ""sim"": 0.4134}, {""id"": ""torque"", ""sim"": 0.4103}, {""id"": ""Qr_kNm"", ""sim"": 0.4066}, {""id"": ""mass"", ""sim"": 0.376}, {""id"": ""Qsmax_kNm"", ""sim"": 0.3674}]"
imfinityCLIS_motor.ttl,Md_Mn,,0.3599423766136169,NO_MATCH,Low similarity (top_sim=0.360 < MIN_SIM=0.45),LOW_SIM,0.3599423766136169,0.0047094821929931,"[{""id"": ""mcrRpm_revPerSec"", ""sim"": 0.3599}, {""id"": ""mass"", ""sim"": 0.3552}, {""id"": ""mcrPower_kW"", ""sim"": 0.3425}, {""id"": ""stressRange_MPa"", ""sim"": 0.3407}, {""id"": ""torque"", ""sim"": 0.3387}]"
imfinityCLIS_motor.ttl,Mm_Mn,,0.3457575142383575,NO_MATCH,Low similarity (top_sim=0.346 < MIN_SIM=0.45),LOW_SIM,0.3457575142383575,0.0057621300220489,"[{""id"": ""mcrRpm_revPerSec"", ""sim"": 0.3458}, {""id"": ""qEmax_kNm"", ""sim"": 0.34}, {""id"": ""sampleSize_mm"", ""sim"": 0.3345}, {""id"": ""mass"", ""sim"": 0.3336}, {""id"": ""Qr_kNm"", ""sim"": 0.333}]"
imfinityCLIS_motor.ttl,Id_In,,0.4025826156139374,HUMAN_REVIEW,Low similarity (top_sim=0.403 < MIN_SIM=0.45),LOW_SIM,0.4025826156139374,0.0035273730754852,"[{""id"": ""frequency"", ""sim"": 0.4026}, {""id"": ""input_power"", ""sim"": 0.3991}, {""id"": ""resistance"", ""sim"": 0.3948}, {""id"": ""inductance"", ""sim"": 0.3888}, {""id"": ""linked_flux"", ""sim"": 0.3871}]"
imfinityCLIS_motor.ttl,J_kg_m2,,0.4220913648605346,HUMAN_REVIEW,Low similarity (top_sim=0.422 < MIN_SIM=0.45),LOW_SIM,0.4220913648605346,0.0102577209472656,"[{""id"": ""mass"", ""sim"": 0.4221}, {""id"": ""charpyV_J"", ""sim"": 0.4118}, {""id"": ""addedMass_kg"", ""sim"": 0.4071}, {""id"": ""atmospheric_pressure_Pa"", ""sim"": 0.3932}, {""id"": ""winding_temperature_rise_K"", ""sim"": 0.388}]"
imfinityCLIS_motor.ttl,mass_kg,,0.0,NO_MATCH,LLM API 429,LLM,0.5027289986610413,0.0234822630882263,"[{""id"": ""addedMass_kg"", ""sim"": 0.5027}, {""id"": ""mass"", ""sim"": 0.4792}, {""id"": ""moment_of_inertia"", ""sim"": 0.3715}, {""id"": ""qEmax_kNm"", ""sim"": 0.3644}, {""id"": ""mcrPower_kW"", ""sim"": 0.3634}]"
imfinityCLIS_motor.ttl,noise_level_dBA,sound_power_level_A_weighted_dB,0.5120556950569153,ACCEPT,"Auto by margin (top_sim=0.512, margin=0.193)",AUTO_MARGIN,0.5120556950569153,0.1928357481956482,"[{""id"": ""sound_power_level_A_weighted_dB"", ""sim"": 0.5121}, {""id"": ""frequency"", ""sim"": 0.3192}, {""id"": ""rated_output_power"", ""sim"": 0.3168}, {""id"": ""naturalFrequency_Hz"", ""sim"": 0.3143}, {""id"": ""samplingRate_Hz"", ""sim"": 0.314}]"
imfinityCLIS_motor.ttl,Nn_rpm,,0.0,NO_MATCH,LLM API 429,LLM,0.5089354515075684,0.0218691825866699,"[{""id"": ""nn_rpm"", ""sim"": 0.5089}, {""id"": ""mcrRpm_revPerSec"", ""sim"": 0.4871}, {""id"": ""rotational_frequency"", ""sim"": 0.4569}, {""id"": ""n_bollard_rpm"", ""sim"": 0.4565}, {""id"": ""torque"", ""sim"": 0.4287}]"
imfinityCLIS_motor.ttl,In_A,,0.3070976436138153,NO_MATCH,Low similarity (top_sim=0.307 < MIN_SIM=0.45),LOW_SIM,0.3070976436138153,0.0026056766510009,"[{""id"": ""sound_power_level_A_weighted_dB"", ""sim"": 0.3071}, {""id"": ""nearCenterlineAft"", ""sim"": 0.3045}, {""id"": ""strainerOpenAreaRatio"", ""sim"": 0.2989}, {""id"": ""StartingSystem"", ""sim"": 0.2978}, {""id"": ""eng:IntakeAndExhaustSystem1"", ""sim"": 0.2976}]"
imfinityCLIS_motor.ttl,efficiency_level,,0.4336585700511932,HUMAN_REVIEW,Low similarity (top_sim=0.434 < MIN_SIM=0.45),LOW_SIM,0.4336585700511932,0.0038184821605682,"[{""id"": ""efficiency_class_ie"", ""sim"": 0.4337}, {""id"": ""efficiency"", ""sim"": 0.4298}, {""id"": ""power_factor"", ""sim"": 0.363}, {""id"": ""rated_output_power"", ""sim"": 0.3565}, {""id"": ""output_power"", ""sim"": 0.35}]"
imfinityCLIS_motor.ttl,power_factor,power_factor,0.5934240818023682,ACCEPT,"Auto by margin (top_sim=0.593, margin=0.109)",AUTO_MARGIN,0.5934240818023682,0.1092651188373565,"[{""id"": ""power_factor"", ""sim"": 0.5934}, {""id"": ""output_power"", ""sim"": 0.4842}, {""id"": ""input_power"", ""sim"": 0.4839}, {""id"": ""rated_output_power"", ""sim"": 0.4707}, {""id"": ""power"", ""sim"": 0.4684}]"
lassi.ttl,power_P_N,,0.0,NO_MATCH,LLM API 429,LLM,0.4822680652141571,0.0051354765892028,"[{""id"": ""power_factor"", ""sim"": 0.4823}, {""id"": ""output_power"", ""sim"": 0.4771}, {""id"": ""input_power"", ""sim"": 0.4767}, {""id"": ""power"", ""sim"": 0.4585}, {""id"": ""rated_output_power"", ""sim"": 0.458}]"
lassi.ttl,current_I_N,,0.3610183000564575,NO_MATCH,Low similarity (top_sim=0.361 < MIN_SIM=0.45),LOW_SIM,0.3610183000564575,0.0009104013442993,"[{""id"": ""locked_rotor_current"", ""sim"": 0.361}, {""id"": ""rated_current"", ""sim"": 0.3601}, {""id"": ""resistance"", ""sim"": 0.3326}, {""id"": ""inertiaRatio_Ie_It"", ""sim"": 0.3319}, {""id"": ""torque"", ""sim"": 0.3215}]"
lassi.ttl,voltage_U_N,,0.4436407089233398,HUMAN_REVIEW,Low similarity (top_sim=0.444 < MIN_SIM=0.45),LOW_SIM,0.4436407089233398,0.0771552622318267,"[{""id"": ""rated_voltage"", ""sim"": 0.4436}, {""id"": ""linked_flux"", ""sim"": 0.3665}, {""id"": ""power_factor"", ""sim"": 0.3615}, {""id"": ""resistance"", ""sim"": 0.3586}, {""id"": ""copper_losses"", ""sim"": 0.3536}]"
lassi.ttl,torque_T_N,,0.0,NO_MATCH,LLM API 429,LLM,0.4860740303993225,0.0101215243339538,"[{""id"": ""torque"", ""sim"": 0.4861}, {""id"": ""breakdown_torque"", ""sim"": 0.476}, {""id"": ""qEmax_kNm"", ""sim"": 0.4633}, {""id"": ""TorqueMonitoringSystem"", ""sim"": 0.4614}, {""id"": ""locked_rotor_torque"", ""sim"": 0.4582}]"
lassi.ttl,frequency_f_N,,0.0,NO_MATCH,LLM API 429,LLM,0.4501981139183044,0.0026225447654724,"[{""id"": ""angular_frequency"", ""sim"": 0.4502}, {""id"": ""naturalFrequency_Hz"", ""sim"": 0.4476}, {""id"": ""frequency"", ""sim"": 0.4365}, {""id"": ""rotational_frequency"", ""sim"": 0.4029}, {""id"": ""samplingRate_Hz"", ""sim"": 0.3249}]"
lassi.ttl,speed_n_N,,0.4189749658107757,HUMAN_REVIEW,Low similarity (top_sim=0.419 < MIN_SIM=0.45),LOW_SIM,0.4189749658107757,0.0174043476581573,"[{""id"": ""minimum_air_speed"", ""sim"": 0.419}, {""id"": ""nn_rpm"", ""sim"": 0.4016}, {""id"": ""n_bollard_rpm"", ""sim"": 0.3891}, {""id"": ""mcrRpm_revPerSec"", ""sim"": 0.386}, {""id"": ""rudderDesignSpeed_kn"", ""sim"": 0.3801}]"
lassi.ttl,efficiency_eta,,0.4385810494422912,HUMAN_REVIEW,Low similarity (top_sim=0.439 < MIN_SIM=0.45),LOW_SIM,0.4385810494422912,0.0001165866851806,"[{""id"": ""efficiency_class_ie"", ""sim"": 0.4386}, {""id"": ""efficiency"", ""sim"": 0.4385}, {""id"": ""power_factor"", ""sim"": 0.3923}, {""id"": ""linked_flux"", ""sim"": 0.3763}, {""id"": ""rated_output_power"", ""sim"": 0.3745}]"
lassi.ttl,input_power_P1,,0.0,NO_MATCH,LLM API 429,LLM,0.5105133652687073,0.0451620817184448,"[{""id"": ""input_power"", ""sim"": 0.5105}, {""id"": ""output_power"", ""sim"": 0.4654}, {""id"": ""rated_output_power"", ""sim"": 0.4587}, {""id"": ""power_factor"", ""sim"": 0.4435}, {""id"": ""power"", ""sim"": 0.4192}]"
lassi.ttl,shaft_power_P2,,0.0,NO_MATCH,LLM API 429,LLM,0.5002341270446777,0.0047560334205627,"[{""id"": ""output_power"", ""sim"": 0.5002}, {""id"": ""power"", ""sim"": 0.4955}, {""id"": ""rated_output_power"", ""sim"": 0.4947}, {""id"": ""power_factor"", ""sim"": 0.4928}, {""id"": ""input_power"", ""sim"": 0.4911}]"
lassi.ttl,stator_copper_losses_P_s,copper_losses,0.5881788730621338,ACCEPT,"Auto by margin (top_sim=0.588, margin=0.141)",AUTO_MARGIN,0.5881788730621338,0.1410525441169738,"[{""id"": ""copper_losses"", ""sim"": 0.5882}, {""id"": ""locked_rotor_current"", ""sim"": 0.4471}, {""id"": ""locked_rotor_torque"", ""sim"": 0.4453}, {""id"": ""power_factor"", ""sim"": 0.4443}, {""id"": ""rated_output_power"", ""sim"": 0.428}]"
lassi.ttl,slip_s,slip_ratio,0.4949715733528137,HUMAN_REVIEW,"Auto by margin (top_sim=0.495, margin=0.166)",AUTO_MARGIN,0.4949715733528137,0.1657133102416992,"[{""id"": ""slip_ratio"", ""sim"": 0.495}, {""id"": ""SNcurveType"", ""sim"": 0.3293}, {""id"": ""linked_flux"", ""sim"": 0.3004}, {""id"": ""Qsex_kNm"", ""sim"": 0.3002}, {""id"": ""copper_losses"", ""sim"": 0.2998}]"
lassi.ttl,phase_resistance_R_ph,resistance,0.4901901185512543,HUMAN_REVIEW,"Auto by margin (top_sim=0.490, margin=0.089)",AUTO_MARGIN,0.4901901185512543,0.0891767144203186,"[{""id"": ""resistance"", ""sim"": 0.4902}, {""id"": ""linked_flux"", ""sim"": 0.401}, {""id"": ""copper_losses"", ""sim"": 0.3928}, {""id"": ""power_factor"", ""sim"": 0.3887}, {""id"": ""inductance"", ""sim"": 0.3829}]"
lassi.ttl,stator_voltage_vector_u_s,,0.4353072643280029,HUMAN_REVIEW,Low similarity (top_sim=0.435 < MIN_SIM=0.45),LOW_SIM,0.4353072643280029,0.0282824039459228,"[{""id"": ""rated_voltage"", ""sim"": 0.4353}, {""id"": ""locked_rotor_current"", ""sim"": 0.407}, {""id"": ""locked_rotor_torque"", ""sim"": 0.4051}, {""id"": ""linked_flux"", ""sim"": 0.3846}, {""id"": ""breakdown_torque"", ""sim"": 0.3821}]"
lassi.ttl,stator_current_vector_i_s,,0.0,NO_MATCH,LLM API 429,LLM,0.4759597778320312,0.0387404561042785,"[{""id"": ""locked_rotor_current"", ""sim"": 0.476}, {""id"": ""locked_rotor_torque"", ""sim"": 0.4372}, {""id"": ""rated_current"", ""sim"": 0.4299}, {""id"": ""linked_flux"", ""sim"": 0.4132}, {""id"": ""breakdown_torque"", ""sim"": 0.4103}]"
motor_leroy_somer.ttl,atmospheric_pressure_hPa,atmospheric_pressure_Pa,0.5489563941955566,ACCEPT,"Auto by margin (top_sim=0.549, margin=0.236)",AUTO_MARGIN,0.5489563941955566,0.2359072268009185,"[{""id"": ""atmospheric_pressure_Pa"", ""sim"": 0.549}, {""id"": ""compressorChargeTime_h"", ""sim"": 0.313}, {""id"": ""hull:HullParams1"", ""sim"": 0.2825}, {""id"": ""minimum_air_speed"", ""sim"": 0.2802}, {""id"": ""winding_temperature_rise_K"", ""sim"": 0.2794}]"
motor_leroy_somer.ttl,rated_supply_voltage,rated_voltage,0.566903293132782,ACCEPT,"Auto by margin (top_sim=0.567, margin=0.096)",AUTO_MARGIN,0.566903293132782,0.0962933897972107,"[{""id"": ""rated_voltage"", ""sim"": 0.5669}, {""id"": ""rated_output_power"", ""sim"": 0.4706}, {""id"": ""rated_current"", ""sim"": 0.4599}, {""id"": ""output_power"", ""sim"": 0.4139}, {""id"": ""input_power"", ""sim"": 0.4088}]"
motor_leroy_somer.ttl,rated_frequency,,0.0,NO_MATCH,LLM API 429,LLM,0.5022432804107666,0.0063575804233551,"[{""id"": ""angular_frequency"", ""sim"": 0.5022}, {""id"": ""frequency"", ""sim"": 0.4959}, {""id"": ""rotational_frequency"", ""sim"": 0.4749}, {""id"": ""rated_voltage"", ""sim"": 0.4647}, {""id"": ""rated_current"", ""sim"": 0.4474}]"
motor_leroy_somer.ttl,insulation_class,insulation_thermal_class,0.5588622093200684,ACCEPT,"Auto by margin (top_sim=0.559, margin=0.149)",AUTO_MARGIN,0.5588622093200684,0.1491522192955017,"[{""id"": ""insulation_thermal_class"", ""sim"": 0.5589}, {""id"": ""efficiency_class_ie"", ""sim"": 0.4097}, {""id"": ""IceLoadDetectionSystem"", ""sim"": 0.3981}, {""id"": ""copper_losses"", ""sim"": 0.3751}, {""id"": ""resistance"", ""sim"": 0.3746}]"
motor_leroy_somer.ttl,minimum_air_speed_m_per_s,minimum_air_speed,0.5798845887184143,ACCEPT,"Auto by margin (top_sim=0.580, margin=0.089)",AUTO_MARGIN,0.5798845887184143,0.0891915559768676,"[{""id"": ""minimum_air_speed"", ""sim"": 0.5799}, {""id"": ""reg:CI_RudderSpeedMinima"", ""sim"": 0.4907}, {""id"": ""shape:rudderSpeedMinima"", ""sim"": 0.442}, {""id"": ""rudderDesignSpeed_kn"", ""sim"": 0.4047}, {""id"": ""mcrRpm_revPerSec"", ""sim"": 0.4023}]"
motor_leroy_somer.ttl,power_rating,,0.0,NO_MATCH,LLM API 429,LLM,0.5359390377998352,0.0113429427146911,"[{""id"": ""rated_output_power"", ""sim"": 0.5359}, {""id"": ""output_power"", ""sim"": 0.5246}, {""id"": ""input_power"", ""sim"": 0.5138}, {""id"": ""power"", ""sim"": 0.5005}, {""id"": ""power_factor"", ""sim"": 0.4954}]"
motor_leroy_somer.ttl,Pn_W,,0.3674620389938354,NO_MATCH,Low similarity (top_sim=0.367 < MIN_SIM=0.45),LOW_SIM,0.3674620389938354,0.0002916455268859,"[{""id"": ""power"", ""sim"": 0.3675}, {""id"": ""output_power"", ""sim"": 0.3672}, {""id"": ""input_power"", ""sim"": 0.3621}, {""id"": ""atmospheric_pressure_Pa"", ""sim"": 0.3605}, {""id"": ""linked_flux"", ""sim"": 0.3599}]"
motor_leroy_somer.ttl,Nn_rpm,,0.0,NO_MATCH,LLM API 429,LLM,0.5089354515075684,0.0218691825866699,"[{""id"": ""nn_rpm"", ""sim"": 0.5089}, {""id"": ""mcrRpm_revPerSec"", ""sim"": 0.4871}, {""id"": ""rotational_frequency"", ""sim"": 0.4569}, {""id"": ""n_bollard_rpm"", ""sim"": 0.4565}, {""id"": ""torque"", ""sim"": 0.4287}]"
motor_leroy_somer.ttl,Id_A,,0.3870897591114044,NO_MATCH,Low similarity (top_sim=0.387 < MIN_SIM=0.45),LOW_SIM,0.3870897591114044,0.0047140419483184,"[{""id"": ""sound_power_level_A_weighted_dB"", ""sim"": 0.3871}, {""id"": ""frequency"", ""sim"": 0.3824}, {""id"": ""resistance"", ""sim"": 0.3808}, {""id"": ""EAR"", ""sim"": 0.3786}, {""id"": ""output_power"", ""sim"": 0.3718}]"
motor_leroy_somer.ttl,In_A,,0.3070976436138153,NO_MATCH,Low similarity (top_sim=0.307 < MIN_SIM=0.45),LOW_SIM,0.3070976436138153,0.0026056766510009,"[{""id"": ""sound_power_level_A_weighted_dB"", ""sim"": 0.3071}, {""id"": ""nearCenterlineAft"", ""sim"": 0.3045}, {""id"": ""strainerOpenAreaRatio"", ""sim"": 0.2989}, {""id"": ""StartingSystem"", ""sim"": 0.2978}, {""id"": ""eng:IntakeAndExhaustSystem1"", ""sim"": 0.2976}]"
motor_leroy_somer.ttl,Cos_phi,,0.3338590860366821,NO_MATCH,Low similarity (top_sim=0.334 < MIN_SIM=0.45),LOW_SIM,0.3338590860366821,0.0114355087280273,"[{""id"": ""power_factor"", ""sim"": 0.3339}, {""id"": ""angular_frequency"", ""sim"": 0.3224}, {""id"": ""slip_ratio"", ""sim"": 0.3214}, {""id"": ""breakdown_torque"", ""sim"": 0.3116}, {""id"": ""locked_rotor_torque"", ""sim"": 0.3108}]"
motor_leroy_somer.ttl,eta,,0.3146708011627197,NO_MATCH,Low similarity (top_sim=0.315 < MIN_SIM=0.45),LOW_SIM,0.3146708011627197,0.0054172575473785,"[{""id"": ""frequency"", ""sim"": 0.3147}, {""id"": ""power_factor"", ""sim"": 0.3093}, {""id"": ""linked_flux"", ""sim"": 0.3088}, {""id"": ""EAR"", ""sim"": 0.3081}, {""id"": ""resistance"", ""sim"": 0.3045}]"
motor_leroy_somer.ttl,mass_Kg,,0.0,NO_MATCH,LLM API 429,LLM,0.5003437995910645,0.0228835344314575,"[{""id"": ""addedMass_kg"", ""sim"": 0.5003}, {""id"": ""mass"", ""sim"": 0.4775}, {""id"": ""moment_of_inertia"", ""sim"": 0.3745}, {""id"": ""Qr_kNm"", ""sim"": 0.3654}, {""id"": ""mcrPower_kW"", ""sim"": 0.3611}]"
paper_sampo.ttl,power_P,,0.0,NO_MATCH,LLM API 429,LLM,0.500891923904419,0.003274381160736,"[{""id"": ""power_factor"", ""sim"": 0.5009}, {""id"": ""output_power"", ""sim"": 0.4976}, {""id"": ""input_power"", ""sim"": 0.4971}, {""id"": ""power"", ""sim"": 0.4775}, {""id"": ""rated_output_power"", ""sim"": 0.477}]"
paper_sampo.ttl,frequency_f,,0.0,NO_MATCH,LLM API 429,LLM,0.4633373022079468,0.0143864750862121,"[{""id"": ""angular_frequency"", ""sim"": 0.4633}, {""id"": ""frequency"", ""sim"": 0.449}, {""id"": ""naturalFrequency_Hz"", ""sim"": 0.433}, {""id"": ""rotational_frequency"", ""sim"": 0.4131}, {""id"": ""samplingRate_Hz"", ""sim"": 0.3349}]"
paper_sampo.ttl,pole_pairs_p,number_of_poles,0.529553234577179,ACCEPT,"Auto by margin (top_sim=0.530, margin=0.130)",AUTO_MARGIN,0.529553234577179,0.1295004487037658,"[{""id"": ""number_of_poles"", ""sim"": 0.5296}, {""id"": ""power_factor"", ""sim"": 0.4001}, {""id"": ""power"", ""sim"": 0.366}, {""id"": ""locked_rotor_torque"", ""sim"": 0.3575}, {""id"": ""breakdown_torque"", ""sim"": 0.3574}]"
paper_sampo.ttl,rated_voltage_U,rated_voltage,0.5718227624893188,ACCEPT,"Auto by margin (top_sim=0.572, margin=0.100)",AUTO_MARGIN,0.5718227624893188,0.0995905995368957,"[{""id"": ""rated_voltage"", ""sim"": 0.5718}, {""id"": ""rated_output_power"", ""sim"": 0.4722}, {""id"": ""rated_current"", ""sim"": 0.4706}, {""id"": ""output_power"", ""sim"": 0.4162}, {""id"": ""power"", ""sim"": 0.4158}]"
paper_sampo.ttl,rated_torque_tau_rated,,0.0,NO_MATCH,LLM API 429,LLM,0.5161992907524109,0.0016485452651977,"[{""id"": ""ratedTorque_kNm"", ""sim"": 0.5162}, {""id"": ""ratedTorque_kNm"", ""sim"": 0.5146}, {""id"": ""locked_rotor_torque"", ""sim"": 0.502}, {""id"": ""breakdown_torque"", ""sim"": 0.5017}, {""id"": ""rated_output_power"", ""sim"": 0.4911}]"
paper_sampo.ttl,rotor_inertia_I_m,,0.0,NO_MATCH,LLM API 429,LLM,0.5205317735671997,0.0075800418853759,"[{""id"": ""locked_rotor_torque"", ""sim"": 0.5205}, {""id"": ""moment_of_inertia"", ""sim"": 0.513}, {""id"": ""locked_rotor_current"", ""sim"": 0.5117}, {""id"": ""inertiaRatio_Ie_It"", ""sim"": 0.4854}, {""id"": ""breakdown_torque"", ""sim"": 0.4346}]"
paper_sampo.ttl,stator_resistance_R_s,,0.0,NO_MATCH,LLM API 429,LLM,0.493784636259079,0.0390191674232482,"[{""id"": ""resistance"", ""sim"": 0.4938}, {""id"": ""locked_rotor_current"", ""sim"": 0.4548}, {""id"": ""locked_rotor_torque"", ""sim"": 0.4468}, {""id"": ""winding_temperature_rise_K"", ""sim"": 0.4356}, {""id"": ""copper_losses"", ""sim"": 0.4325}]"
paper_sampo.ttl,rotor_resistance_R_r,,0.0,NO_MATCH,LLM API 429,LLM,0.510873556137085,0.0086064338684082,"[{""id"": ""locked_rotor_current"", ""sim"": 0.5109}, {""id"": ""locked_rotor_torque"", ""sim"": 0.5023}, {""id"": ""resistance"", ""sim"": 0.4804}, {""id"": ""winding_temperature_rise_K"", ""sim"": 0.4231}, {""id"": ""copper_losses"", ""sim"": 0.4217}]"
paper_sampo.ttl,stator_inductance_L_s,,0.0,NO_MATCH,LLM API 429,LLM,0.459683895111084,0.0146103799343109,"[{""id"": ""inductance"", ""sim"": 0.4597}, {""id"": ""locked_rotor_current"", ""sim"": 0.4451}, {""id"": ""linked_flux"", ""sim"": 0.4364}, {""id"": ""locked_rotor_torque"", ""sim"": 0.435}, {""id"": ""magnetic_flux"", ""sim"": 0.4305}]"
paper_sampo.ttl,rotor_inductance_L_r,,0.0,NO_MATCH,LLM API 429,LLM,0.5260630249977112,0.0169161558151245,"[{""id"": ""locked_rotor_current"", ""sim"": 0.5261}, {""id"": ""locked_rotor_torque"", ""sim"": 0.5091}, {""id"": ""inductance"", ""sim"": 0.4463}, {""id"": ""copper_losses"", ""sim"": 0.4241}, {""id"": ""linked_flux"", ""sim"": 0.4227}]"
paper_sampo.ttl,magnetizing_inductance_L_m,,0.0,NO_MATCH,LLM API 429,LLM,0.4569424092769623,0.0074986517429351,"[{""id"": ""inductance"", ""sim"": 0.4569}, {""id"": ""magnetic_flux"", ""sim"": 0.4494}, {""id"": ""linked_flux"", ""sim"": 0.423}, {""id"": ""locked_rotor_current"", ""sim"": 0.3895}, {""id"": ""copper_losses"", ""sim"": 0.3767}]"
paper_sampo.ttl,stator_voltage_d_u_sd,,0.0,NO_MATCH,LLM API 429,LLM,0.4684434533119201,0.0384368896484375,"[{""id"": ""rated_voltage"", ""sim"": 0.4684}, {""id"": ""locked_rotor_current"", ""sim"": 0.43}, {""id"": ""locked_rotor_torque"", ""sim"": 0.4272}, {""id"": ""breakdown_torque"", ""sim"": 0.4098}, {""id"": ""linked_flux"", ""sim"": 0.4026}]"
paper_sampo.ttl,stator_voltage_q_u_sq,,0.0,NO_MATCH,LLM API 429,LLM,0.4500319361686706,0.0242555439472198,"[{""id"": ""rated_voltage"", ""sim"": 0.45}, {""id"": ""locked_rotor_torque"", ""sim"": 0.4258}, {""id"": ""linked_flux"", ""sim"": 0.4201}, {""id"": ""locked_rotor_current"", ""sim"": 0.419}, {""id"": ""breakdown_torque"", ""sim"": 0.4061}]"
paper_sampo.ttl,stator_current_d_i_sd,,0.0,NO_MATCH,LLM API 429,LLM,0.4924086928367615,0.0422900915145874,"[{""id"": ""locked_rotor_current"", ""sim"": 0.4924}, {""id"": ""rated_current"", ""sim"": 0.4501}, {""id"": ""locked_rotor_torque"", ""sim"": 0.4485}, {""id"": ""breakdown_torque"", ""sim"": 0.4299}, {""id"": ""linked_flux"", ""sim"": 0.4203}]"
paper_sampo.ttl,stator_current_q_i_sq,,0.0,NO_MATCH,LLM API 429,LLM,0.470997154712677,0.0324408411979675,"[{""id"": ""locked_rotor_current"", ""sim"": 0.471}, {""id"": ""locked_rotor_torque"", ""sim"": 0.4386}, {""id"": ""rated_current"", ""sim"": 0.4346}, {""id"": ""linked_flux"", ""sim"": 0.4233}, {""id"": ""breakdown_torque"", ""sim"": 0.4171}]"
paper_sampo.ttl,rotor_current_d_i_rd,,0.0,NO_MATCH,LLM API 429,LLM,0.5697603225708008,0.0533972382545471,"[{""id"": ""locked_rotor_current"", ""sim"": 0.5698}, {""id"": ""locked_rotor_torque"", ""sim"": 0.5164}, {""id"": ""rated_current"", ""sim"": 0.4452}, {""id"": ""rotational_frequency"", ""sim"": 0.424}, {""id"": ""breakdown_torque"", ""sim"": 0.4226}]"
paper_sampo.ttl,rotor_current_q_i_rq,,0.0,NO_MATCH,LLM API 429,LLM,0.557341992855072,0.0384230613708496,"[{""id"": ""locked_rotor_current"", ""sim"": 0.5573}, {""id"": ""locked_rotor_torque"", ""sim"": 0.5189}, {""id"": ""rated_current"", ""sim"": 0.4411}, {""id"": ""breakdown_torque"", ""sim"": 0.4271}, {""id"": ""rotational_frequency"", ""sim"": 0.4156}]"
paper_sampo.ttl,stator_flux_linkage_psi_s,,0.0,NO_MATCH,LLM API 429,LLM,0.4807689785957336,0.0045611858367919,"[{""id"": ""magnetic_flux"", ""sim"": 0.4808}, {""id"": ""linked_flux"", ""sim"": 0.4762}, {""id"": ""locked_rotor_torque"", ""sim"": 0.4314}, {""id"": ""locked_rotor_current"", ""sim"": 0.4199}, {""id"": ""breakdown_torque"", ""sim"": 0.4059}]"
paper_sampo.ttl,rotor_flux_linkage_psi_r,,0.0,NO_MATCH,LLM API 429,LLM,0.5090005993843079,0.0031948089599609,"[{""id"": ""locked_rotor_torque"", ""sim"": 0.509}, {""id"": ""locked_rotor_current"", ""sim"": 0.5058}, {""id"": ""magnetic_flux"", ""sim"": 0.484}, {""id"": ""linked_flux"", ""sim"": 0.4788}, {""id"": ""slip_ratio"", ""sim"": 0.4209}]"
paper_sampo.ttl,stator_angular_speed_omega_s,,0.4289053380489349,HUMAN_REVIEW,Low similarity (top_sim=0.429 < MIN_SIM=0.45),LOW_SIM,0.4289053380489349,0.000428169965744,"[{""id"": ""locked_rotor_torque"", ""sim"": 0.4289}, {""id"": ""locked_rotor_current"", ""sim"": 0.4285}, {""id"": ""minimum_air_speed"", ""sim"": 0.4182}, {""id"": ""angular_frequency"", ""sim"": 0.4166}, {""id"": ""rotational_frequency"", ""sim"": 0.4071}]"
paper_sampo.ttl,rotor_angular_speed_omega_m,,0.0,NO_MATCH,LLM API 429,LLM,0.4706728458404541,0.0041263103485107,"[{""id"": ""locked_rotor_current"", ""sim"": 0.4707}, {""id"": ""locked_rotor_torque"", ""sim"": 0.4665}, {""id"": ""rotational_frequency"", ""sim"": 0.4395}, {""id"": ""mcrRpm_revPerSec"", ""sim"": 0.4385}, {""id"": ""angular_frequency"", ""sim"": 0.4059}]"
paper_sampo.ttl,slip_angular_speed_omega_r,slip_ratio,0.4796359241008758,HUMAN_REVIEW,"Auto by margin (top_sim=0.480, margin=0.074)",AUTO_MARGIN,0.4796359241008758,0.073784589767456,"[{""id"": ""slip_ratio"", ""sim"": 0.4796}, {""id"": ""mcrRpm_revPerSec"", ""sim"": 0.4059}, {""id"": ""angular_frequency"", ""sim"": 0.4045}, {""id"": ""rotational_frequency"", ""sim"": 0.3953}, {""id"": ""locked_rotor_torque"", ""sim"": 0.378}]"
paper_sampo.ttl,mechanical_speed_omega_M,,0.0,NO_MATCH,LLM API 429,LLM,0.460388720035553,0.0044050812721252,"[{""id"": ""minimum_air_speed"", ""sim"": 0.4604}, {""id"": ""mcrRpm_revPerSec"", ""sim"": 0.456}, {""id"": ""rotational_frequency"", ""sim"": 0.4288}, {""id"": ""locked_rotor_torque"", ""sim"": 0.4199}, {""id"": ""n_bollard_rpm"", ""sim"": 0.4186}]"
paper_sampo.ttl,electromagnetic_torque_tau_m,,0.0,NO_MATCH,LLM API 429,LLM,0.4734595417976379,0.0150748491287231,"[{""id"": ""locked_rotor_torque"", ""sim"": 0.4735}, {""id"": ""breakdown_torque"", ""sim"": 0.4584}, {""id"": ""qEmax_kNm"", ""sim"": 0.4506}, {""id"": ""magnetic_flux"", ""sim"": 0.4424}, {""id"": ""linked_flux"", ""sim"": 0.4383}]"
paper_sampo.ttl,stator_voltage_reference_u_s_ref,,0.0,NO_MATCH,LLM API 429,LLM,0.4611639976501465,0.0369836688041687,"[{""id"": ""rated_voltage"", ""sim"": 0.4612}, {""id"": ""locked_rotor_current"", ""sim"": 0.4242}, {""id"": ""locked_rotor_torque"", ""sim"": 0.4199}, {""id"": ""linked_flux"", ""sim"": 0.4012}, {""id"": ""breakdown_torque"", ""sim"": 0.3938}]"
paper_sampo.ttl,control_filter_bandwidth_beta,,0.2951953113079071,NO_MATCH,Low similarity (top_sim=0.295 < MIN_SIM=0.45),LOW_SIM,0.2951953113079071,0.0120880007743835,"[{""id"": ""prop:ControlAndMonitoringSystem1"", ""sim"": 0.2952}, {""id"": ""torsionalVibrationMonitoring"", ""sim"": 0.2831}, {""id"": ""dampingCoeff"", ""sim"": 0.2784}, {""id"": ""recordingInterval_s"", ""sim"": 0.2685}, {""id"": ""reg:CI_SafetyFactorExtremeYield"", ""sim"": 0.2658}]"
weg_w22.ttl,Output_kW,,0.0,NO_MATCH,LLM API 429,LLM,0.5524781346321106,0.0381757616996765,"[{""id"": ""rated_output_power"", ""sim"": 0.5525}, {""id"": ""output_power"", ""sim"": 0.5143}, {""id"": ""input_power"", ""sim"": 0.4642}, {""id"": ""mcrPower_kW"", ""sim"": 0.4642}, {""id"": ""copper_losses"", ""sim"": 0.4412}]"
weg_w22.ttl,Output_HP,,0.4498646855354309,HUMAN_REVIEW,Low similarity (top_sim=0.450 < MIN_SIM=0.45),LOW_SIM,0.4498646855354309,0.0120460391044616,"[{""id"": ""rated_output_power"", ""sim"": 0.4499}, {""id"": ""output_power"", ""sim"": 0.4378}, {""id"": ""input_power"", ""sim"": 0.3883}, {""id"": ""copper_losses"", ""sim"": 0.3598}, {""id"": ""power"", ""sim"": 0.3553}]"
weg_w22.ttl,full_load_torque_n_m,,0.0,NO_MATCH,LLM API 429,LLM,0.5006575584411621,0.0060804486274719,"[{""id"": ""qEmax_kNm"", ""sim"": 0.5007}, {""id"": ""breakdown_torque"", ""sim"": 0.4946}, {""id"": ""torque"", ""sim"": 0.4853}, {""id"": ""locked_rotor_torque"", ""sim"": 0.4711}, {""id"": ""Qsmax_kNm"", ""sim"": 0.4566}]"
weg_w22.ttl,locked_rotor_current_In,,0.0,NO_MATCH,LLM API 429,LLM,0.6389300227165222,0.0503026247024536,"[{""id"": ""locked_rotor_current"", ""sim"": 0.6389}, {""id"": ""locked_rotor_torque"", ""sim"": 0.5886}, {""id"": ""rated_current"", ""sim"": 0.4337}, {""id"": ""breakdown_torque"", ""sim"": 0.4334}, {""id"": ""rated_voltage"", ""sim"": 0.4006}]"
weg_w22.ttl,locked_rotor_torque_Tl_Tn,,0.0,NO_MATCH,LLM API 429,LLM,0.6109237670898438,0.0417523384094238,"[{""id"": ""locked_rotor_torque"", ""sim"": 0.6109}, {""id"": ""locked_rotor_current"", ""sim"": 0.5692}, {""id"": ""breakdown_torque"", ""sim"": 0.4742}, {""id"": ""Qsmax_kNm"", ""sim"": 0.4331}, {""id"": ""qEmax_kNm"", ""sim"": 0.4247}]"
weg_w22.ttl,breakdown_torque_Tb_Tn,breakdown_torque,0.5764814019203186,ACCEPT,"Auto by margin (top_sim=0.576, margin=0.107)",AUTO_MARGIN,0.5764814019203186,0.1066461503505706,"[{""id"": ""breakdown_torque"", ""sim"": 0.5765}, {""id"": ""locked_rotor_torque"", ""sim"": 0.4698}, {""id"": ""torque"", ""sim"": 0.4595}, {""id"": ""ratedTorque_kNm"", ""sim"": 0.4571}, {""id"": ""qEmax_kNm"", ""sim"": 0.4559}]"
weg_w22.ttl,inertia_J_kgm2,,0.0,NO_MATCH,LLM API 429,LLM,0.5038052201271057,0.0441229939460754,"[{""id"": ""moment_of_inertia"", ""sim"": 0.5038}, {""id"": ""inertiaRatio_Ie_It"", ""sim"": 0.4597}, {""id"": ""addedMass_kg"", ""sim"": 0.4146}, {""id"": ""mass"", ""sim"": 0.4104}, {""id"": ""torsionalStiffness_kNmPerRad"", ""sim"": 0.4084}]"
weg_w22.ttl,allowable_locked_rotor_time_hot_s,,0.0,NO_MATCH,"None of the candidate ontology entities directly represent 'allowable_locked_rotor_time_hot_s', which refers to the maximum allowable time a motor can remain in a locked rotor condition when hot. The closest candidates ('locked_rotor_current' and 'locked_rotor_torque') relate to electrical and mechanical properties during locked rotor conditions, but do not specify time duration. Therefore, no suitable mapping is available among the provided candidates.",LLM,0.5265678763389587,0.005932867527008,"[{""id"": ""locked_rotor_current"", ""sim"": 0.5266}, {""id"": ""locked_rotor_torque"", ""sim"": 0.5206}, {""id"": ""compressorChargeTime_h"", ""sim"": 0.4113}, {""id"": ""winding_temperature_rise_K"", ""sim"": 0.4052}, {""id"": ""reg:CI_MonitoringRequired"", ""sim"": 0.4042}]"
weg_w22.ttl,allowable_locked_rotor_time_cold_s,locked_rotor_current,0.52,ACCEPT,"The OEM variable 'allowable_locked_rotor_time_cold_s' refers to the allowable time a motor can withstand locked rotor conditions when cold, which is closely related to the 'locked_rotor_current' property in the ontology. While the ontology candidate does not explicitly mention time, it is the closest match among the options, as both pertain to locked rotor operating limits. No candidate directly addresses time, but 'locked_rotor_current' is most relevant to the context.",LLM,0.52095627784729,0.0086003541946411,"[{""id"": ""locked_rotor_current"", ""sim"": 0.521}, {""id"": ""locked_rotor_torque"", ""sim"": 0.5124}, {""id"": ""reg:CI_MonitoringRequired"", ""sim"": 0.4203}, {""id"": ""compressorChargeTime_h"", ""sim"": 0.4074}, {""id"": ""winding_temperature_rise_K"", ""sim"": 0.4049}]"
weg_w22.ttl,Weight_kg,,0.421511173248291,HUMAN_REVIEW,Low similarity (top_sim=0.422 < MIN_SIM=0.45),LOW_SIM,0.421511173248291,0.0279415249824523,"[{""id"": ""mass"", ""sim"": 0.4215}, {""id"": ""addedMass_kg"", ""sim"": 0.3936}, {""id"": ""rated_output_power"", ""sim"": 0.3448}, {""id"": ""Qr_kNm"", ""sim"": 0.3442}, {""id"": ""Tr_kN"", ""sim"": 0.3389}]"
weg_w22.ttl,Sound_dBA,sound_power_level_A_weighted_dB,0.5699619054794312,ACCEPT,"Auto by margin (top_sim=0.570, margin=0.202)",AUTO_MARGIN,0.5699619054794312,0.2018967866897583,"[{""id"": ""sound_power_level_A_weighted_dB"", ""sim"": 0.57}, {""id"": ""rated_output_power"", ""sim"": 0.3681}, {""id"": ""frequency"", ""sim"": 0.3677}, {""id"": ""samplingRate_Hz"", ""sim"": 0.3578}, {""id"": ""naturalFrequency_Hz"", ""sim"": 0.3488}]"
weg_w22.ttl,rated_speed_rpm,rotational_frequency,0.92,ACCEPT,"The OEM variable 'rated_speed_rpm' refers to the rated rotational speed in revolutions per minute (rpm). Among the candidates, 'rotational_frequency' is explicitly defined with the unit symbol 'rpm' and is associated with the 'MotorRatedPoint' domain, which matches the context of a rated speed variable for motors or rotating machinery. The other candidates either refer to different units (e.g., rev/s), different properties (e.g., voltage, power), or different domains (e.g., propeller). Therefore, 'rotational_frequency' is the most semantically and contextually appropriate match.",LLM,0.5248532295227051,0.0049271583557128,"[{""id"": ""nn_rpm"", ""sim"": 0.5249}, {""id"": ""mcrRpm_revPerSec"", ""sim"": 0.5199}, {""id"": ""rated_voltage"", ""sim"": 0.5152}, {""id"": ""rotational_frequency"", ""sim"": 0.5131}, {""id"": ""rated_output_power"", ""sim"": 0.5096}]"
weg_w22.ttl,full_load_current_A,,0.4172165989875793,HUMAN_REVIEW,Low similarity (top_sim=0.417 < MIN_SIM=0.45),LOW_SIM,0.4172165989875793,0.000475525856018,"[{""id"": ""locked_rotor_current"", ""sim"": 0.4172}, {""id"": ""rated_current"", ""sim"": 0.4167}, {""id"": ""power_factor"", ""sim"": 0.3861}, {""id"": ""prop:PropellerLoadSet1"", ""sim"": 0.3847}, {""id"": ""linked_flux"", ""sim"": 0.3837}]"
weg_w22.ttl,efficiency_50,,0.4297738969326019,HUMAN_REVIEW,Low similarity (top_sim=0.430 < MIN_SIM=0.45),LOW_SIM,0.4297738969326019,0.0060459375381469,"[{""id"": ""efficiency_class_ie"", ""sim"": 0.4298}, {""id"": ""efficiency"", ""sim"": 0.4237}, {""id"": ""power_factor"", ""sim"": 0.3861}, {""id"": ""copper_losses"", ""sim"": 0.3693}, {""id"": ""rated_output_power"", ""sim"": 0.3678}]"
weg_w22.ttl,efficiency_75,,0.4483394622802734,HUMAN_REVIEW,Low similarity (top_sim=0.448 < MIN_SIM=0.45),LOW_SIM,0.4483394622802734,0.0099848210811614,"[{""id"": ""efficiency"", ""sim"": 0.4483}, {""id"": ""efficiency_class_ie"", ""sim"": 0.4384}, {""id"": ""copper_losses"", ""sim"": 0.3807}, {""id"": ""power_factor"", ""sim"": 0.3776}, {""id"": ""rated_output_power"", ""sim"": 0.3771}]"
weg_w22.ttl,efficiency_100,,0.4433853328227997,HUMAN_REVIEW,Low similarity (top_sim=0.443 < MIN_SIM=0.45),LOW_SIM,0.4433853328227997,0.0087363123893737,"[{""id"": ""efficiency"", ""sim"": 0.4434}, {""id"": ""efficiency_class_ie"", ""sim"": 0.4346}, {""id"": ""power_factor"", ""sim"": 0.3794}, {""id"": ""accuracy_percent"", ""sim"": 0.3724}, {""id"": ""rated_output_power"", ""sim"": 0.3642}]"
weg_w22.ttl,power_factor_50,power_factor,0.5681406259536743,ACCEPT,"Auto by margin (top_sim=0.568, margin=0.108)",AUTO_MARGIN,0.5681406259536743,0.1081563532352447,"[{""id"": ""power_factor"", ""sim"": 0.5681}, {""id"": ""input_power"", ""sim"": 0.46}, {""id"": ""output_power"", ""sim"": 0.4582}, {""id"": ""rated_output_power"", ""sim"": 0.4527}, {""id"": ""power"", ""sim"": 0.4484}]"
weg_w22.ttl,power_factor_75,power_factor,0.5469575524330139,ACCEPT,"Auto by margin (top_sim=0.547, margin=0.079)",AUTO_MARGIN,0.5469575524330139,0.0793836116790771,"[{""id"": ""power_factor"", ""sim"": 0.547}, {""id"": ""input_power"", ""sim"": 0.4676}, {""id"": ""output_power"", ""sim"": 0.4655}, {""id"": ""rated_output_power"", ""sim"": 0.4576}, {""id"": ""power"", ""sim"": 0.4551}]"
weg_w22.ttl,power_factor_100,power_factor,0.5699255466461182,ACCEPT,"Auto by margin (top_sim=0.570, margin=0.102)",AUTO_MARGIN,0.5699255466461182,0.1021703481674194,"[{""id"": ""power_factor"", ""sim"": 0.5699}, {""id"": ""input_power"", ""sim"": 0.4678}, {""id"": ""output_power"", ""sim"": 0.4664}, {""id"": ""rated_output_power"", ""sim"": 0.4582}, {""id"": ""power"", ""sim"": 0.4553}]"
weg_w22.ttl,motor_rated_voltage_V,rated_voltage,0.6019080877304077,ACCEPT,"Auto by margin (top_sim=0.602, margin=0.105)",AUTO_MARGIN,0.6019080877304077,0.1051838099956512,"[{""id"": ""rated_voltage"", ""sim"": 0.6019}, {""id"": ""rated_output_power"", ""sim"": 0.4967}, {""id"": ""rated_current"", ""sim"": 0.4917}, {""id"": ""power"", ""sim"": 0.4678}, {""id"": ""locked_rotor_current"", ""sim"": 0.4649}]"
weg_w22.ttl,frequency,frequency,0.47,HUMAN_REVIEW,"The OEM variable is 'frequency', and the candidate 'frequency' matches both the name and the context (unit: Hz, domain: MotorRatedPoint). The similarity score is the highest among candidates that directly represent frequency in Hz, making it the most appropriate mapping. Other candidates refer to related but distinct concepts (e.g., angular frequency, rotational frequency, natural frequency, sampling rate).",LLM,0.488820344209671,0.0166489779949188,"[{""id"": ""angular_frequency"", ""sim"": 0.4888}, {""id"": ""frequency"", ""sim"": 0.4722}, {""id"": ""naturalFrequency_Hz"", ""sim"": 0.456}, {""id"": ""rotational_frequency"", ""sim"": 0.4426}, {""id"": ""samplingRate_Hz"", ""sim"": 0.3674}]"
weg_w22.ttl,poles,number_of_poles,0.5132922530174255,ACCEPT,"Auto by margin (top_sim=0.513, margin=0.180)",AUTO_MARGIN,0.5132922530174255,0.1796349883079528,"[{""id"": ""number_of_poles"", ""sim"": 0.5133}, {""id"": ""power_factor"", ""sim"": 0.3337}, {""id"": ""power"", ""sim"": 0.3136}, {""id"": ""breakdown_torque"", ""sim"": 0.3122}, {""id"": ""n_bollard_rpm"", ""sim"": 0.3119}]"
weg_w22.ttl,total_power_rated,rated_output_power,0.54,ACCEPT,"The OEM variable 'total_power_rated' most closely aligns with the ontology property 'rated_output_power', both referring to the rated (maximum or nominal) output power of a device, typically measured in kW. The similarity score is the highest among the candidates, and the unit and context match the intended meaning of the OEM variable.",LLM,0.53876793384552,0.0198874473571777,"[{""id"": ""rated_output_power"", ""sim"": 0.5388}, {""id"": ""output_power"", ""sim"": 0.5189}, {""id"": ""input_power"", ""sim"": 0.5069}, {""id"": ""power"", ""sim"": 0.4966}, {""id"": ""power_factor"", ""sim"": 0.4888}]"
weg_w22.ttl,slip,slip_ratio,0.548173189163208,ACCEPT,"Auto by margin (top_sim=0.548, margin=0.205)",AUTO_MARGIN,0.548173189163208,0.2049939632415771,"[{""id"": ""slip_ratio"", ""sim"": 0.5482}, {""id"": ""dampingCoeff"", ""sim"": 0.3432}, {""id"": ""SNcurveType"", ""sim"": 0.3422}, {""id"": ""linked_flux"", ""sim"": 0.3418}, {""id"": ""Qsex_kNm"", ""sim"": 0.3391}]"
